tsh,free_t4,free_t3,anti_tpo,thyroid_status
1.9709259779028083,0.7838102178218753,3.230636863239706,6.306662671847921,Hashimotos_Hypothyroidism
12.64251000985359,1.2885873428543984,3.6580058698478415,17.046051616351722,Hashimotos_Hypothyroidism
5.530331912890888,1.8528097985900136,2.5080378163656913,25.361324214142517,Euthyroid_Normal
3.834358725859004,1.6381680184619911,2.1286322661287946,125.9941784148555,Hashimotos_Hypothyroidism
0.7124244559418544,1.737274650655759,1.964152644783173,249.94780379511755,Hashimotos_Hypothyroidism
0.7123044260413418,0.8955137294275259,1.2269147284991984,2.297553109084137,Graves_Hyperthyroidism
0.25132282815645884,0.7041580718965678,4.444965703952258,71.56624401502873,Graves_Hyperthyroidism
8.447169630815747,1.0496852319601409,1.9174333074226533,23.23879121527445,Euthyroid_Normal
3.8601450452345114,1.1222899649154778,2.622997101131382,24.916713844208655,Hashimotos_Hypothyroidism
5.1712502591592795,1.5376766073883796,2.5785493600888634,70.1750725497671,Euthyroid_Normal
0.08735709359638222,0.4230141481140723,3.0459253582472803,125.31249964185862,Graves_Hyperthyroidism
14.714941395664912,1.7118201277842455,3.452589770031437,150.7239393293603,Euthyroid_Normal
7.503004082089635,1.0367968405684043,3.488378790687796,43.033647172273184,Graves_Hyperthyroidism
1.0024880260455773,0.929247572021032,2.333538049144849,22.0899500324707,Euthyroid_Normal
0.8428517527485861,0.695158249895933,2.6663026289708704,77.45221547885494,Euthyroid_Normal
0.8509679758954797,0.4380573312536921,3.0260639603906396,14.45090711393864,Hashimotos_Hypothyroidism
1.523565663734004,1.429268233584766,2.601047099053162,41.51414204758868,Euthyroid_Normal
3.124496889615589,1.1293271868753616,4.085876460815994,22.20342059383268,Hashimotos_Hypothyroidism
2.375255680477414,0.5840156401035785,3.1927799613106007,53.44749114938969,Hashimotos_Hypothyroidism
1.4457365687265544,0.5819684911745536,3.3879022288398537,13.748093444425482,Hashimotos_Hypothyroidism
3.9747576703791547,0.9656861202839488,3.33030501493393,10.63447836422213,Hashimotos_Hypothyroidism
0.6309850206548224,1.7676086101157573,3.7387790859882597,125.19779908948433,Euthyroid_Normal
1.4511651504100895,0.9961634594545582,2.944817246962965,5.368330935189589,Graves_Hyperthyroidism
1.9163643165275577,0.49874281875275756,1.7625344416353226,35.25672792049088,Graves_Hyperthyroidism
2.557525689011055,1.0017027743656224,3.119750361402113,12.477763444526255,Graves_Hyperthyroidism
6.45933124632983,0.990910572100932,2.2789144849665366,1.9853996856933325,Euthyroid_Normal
0.9354906209404993,0.021245342823371368,2.3771066546001944,1.834175280566355,Hashimotos_Hypothyroidism
3.0325224511391364,1.0782820533928752,3.2690912150040745,9.632037172916343,Graves_Hyperthyroidism
3.7695198295009944,1.007626187916529,3.7906264571469084,100.78404909353613,Euthyroid_Normal
0.1997681689769159,1.3784825459253673,2.817017261388849,16.597635333402472,Hashimotos_Hypothyroidism
3.9283986867283627,1.8395824379781383,3.0470664100791707,150.24790562678797,Graves_Hyperthyroidism
0.785237258305149,1.550626011819103,4.16177195570819,43.568532458693184,Hashimotos_Hypothyroidism
0.28250850969307784,0.9924445237780679,2.9926025435908543,28.689530490754382,Graves_Hyperthyroidism
12.489488732729109,0.657389636503332,4.881346491344316,43.38560505970516,Graves_Hyperthyroidism
14.156647438336925,2.1293439212999443,3.252407716505235,36.35571794975433,Graves_Hyperthyroidism
6.939792605814082,1.1236873736057953,1.3913897926753456,71.10151842746741,Hashimotos_Hypothyroidism
1.5258090118687848,1.1055717167651786,3.4026732968836257,16.59884241993632,Euthyroid_Normal
0.4316647230105262,1.0903499651559987,3.104926707906222,21.77434362613133,Hashimotos_Hypothyroidism
4.84155320501438,1.1792339043071423,3.8318022032661965,112.26031136902603,Graves_Hyperthyroidism
2.436381538858673,1.042255835230423,3.3385450810159667,146.36305584720753,Hashimotos_Hypothyroidism
0.5466393826086843,0.8705351972479055,2.6892352128129806,111.54031145986536,Euthyroid_Normal
2.870898358163431,0.8812564235038433,1.820561410968507,27.1887946748747,Hashimotos_Hypothyroidism
0.14697363006261216,1.0868986919136008,2.6327813941711797,75.78952457757636,Euthyroid_Normal
10.0817761270507,0.8826300915464941,2.11958363663256,32.34522562058408,Euthyroid_Normal
1.2577226627308815,0.8148616869291343,2.3355812401562215,34.41194749736848,Hashimotos_Hypothyroidism
4.562274353972918,1.1425720910767587,3.2708627235364873,11.450543335802255,Graves_Hyperthyroidism
1.5688956429620196,0.998009113031658,4.135923603481125,44.717938178699704,Euthyroid_Normal
3.0832657628187605,1.7015971954330755,3.115737223858385,10.298093873716539,Hashimotos_Hypothyroidism
3.32313995152355,0.03961207664279523,1.8432935503718524,20.14078347864592,Euthyroid_Normal
0.8584321179332042,1.5366027407689848,3.1556821345761126,96.56149226451774,Graves_Hyperthyroidism
14.669789957492151,1.5984340769990517,3.757305189316521,11.601382995655154,Hashimotos_Hypothyroidism
6.267430583980191,0.27064390703674024,2.3121736765444942,3.6908468501513134,Hashimotos_Hypothyroidism
11.781396561024646,0.9629249623678606,2.6927862666616655,3.575207853447732,Hashimotos_Hypothyroidism
9.459038389643625,0.9514236536016835,2.8117505557833575,141.3286146641773,Graves_Hyperthyroidism
3.8264285320097553,0.5369953221128716,2.1720813495342077,35.35423672578998,Euthyroid_Normal
10.707628592931503,0.7888733249636499,3.318624347075087,26.33183749008319,Hashimotos_Hypothyroidism
0.3891529276030856,0.6557696618136686,2.7032414811137744,83.26830208309165,Euthyroid_Normal
0.9161657174513234,1.8009081773694493,3.1356259551256223,90.34139994404849,Euthyroid_Normal
0.1943842558846942,1.4742713572589845,2.09000625775832,20.187656203144382,Graves_Hyperthyroidism
1.6528347645729646,1.6086220379976637,2.4500333597412713,59.14613885831744,Hashimotos_Hypothyroidism
2.066947225535718,1.388668825617294,3.377905086262217,73.7284866529631,Euthyroid_Normal
1.329553861477068,0.6483792915131085,2.501733478326586,53.15994361736103,Hashimotos_Hypothyroidism
7.411143034011923,0.8901918934880906,4.181571080986724,8.219862551402466,Hashimotos_Hypothyroidism
1.8531533980254546,1.2957498244911674,2.480291051508318,104.32656413709739,Graves_Hyperthyroidism
1.3851719285638466,0.6111488764432219,2.9797477806015085,38.72811802854619,Hashimotos_Hypothyroidism
3.286109749472533,1.3851993720689553,3.5460726654984716,16.597195097022187,Hashimotos_Hypothyroidism
0.6379722208466412,1.0038698407367461,1.6653074136535744,27.689108059388406,Euthyroid_Normal
6.806031102253871,0.9500716769801612,1.391352950415379,1.9147537851351137,Graves_Hyperthyroidism
0.3253986490074979,1.3843839872813968,1.5794749483439239,6.8406557923332,Hashimotos_Hypothyroidism
18.203414626266742,1.277705324594416,3.8100672827417457,72.52495367560702,Euthyroid_Normal
6.2138318602143485,0.9556135336723681,2.3585134832860426,0.0005817411525216162,Graves_Hyperthyroidism
0.930465650124721,1.5637319213456993,4.846559428534602,26.941182510663552,Graves_Hyperthyroidism
0.023257165578928995,0.6675746689600411,2.348601921074089,36.96062204669365,Euthyroid_Normal
7.097566465441729,1.3463742427777057,2.9476410425576294,2.8091784578248458,Euthyroid_Normal
5.153802811025588,1.3372405031873535,4.033687962054301,180.74087681393877,Euthyroid_Normal
5.483784216909596,0.976181424274404,4.4048743105272985,12.81726725915564,Euthyroid_Normal
6.195901009382757,1.2304532088968474,4.449202861309118,18.134558806708508,Euthyroid_Normal
0.3231029151579447,0.5995545694458788,3.766692984474514,18.11615123619793,Hashimotos_Hypothyroidism
1.8643492241481765,1.4696108076827605,3.61925002064917,13.095301511269733,Hashimotos_Hypothyroidism
0.5172304393386886,1.0260391454228044,3.2740215593609463,0.0737454615192529,Graves_Hyperthyroidism
8.351824200964536,0.8909107917923843,3.42268886093331,65.34547855373437,Hashimotos_Hypothyroidism
4.100465005191971,1.5196036903347558,2.359051426937173,170.32884094513744,Hashimotos_Hypothyroidism
1.6876389652554642,0.8182625237828963,2.1454408932621543,12.69905152221055,Hashimotos_Hypothyroidism
0.27580587638008813,0.5366154814545762,2.797300434071238,54.39061967302936,Euthyroid_Normal
1.5644510717234856,0.4773483305904386,2.663852301980057,67.71969706403121,Graves_Hyperthyroidism
1.6519196953733517,1.342403980538256,2.43741756053818,94.33386140185173,Graves_Hyperthyroidism
5.493078292622512,0.5878282590014868,3.3571099579653723,27.463528969361278,Graves_Hyperthyroidism
4.2625353074892836,1.801917672793746,3.5642441668564087,18.04353710296746,Graves_Hyperthyroidism
9.165458032086363,0.2672282368465112,2.870725509033478,19.67399596573177,Hashimotos_Hypothyroidism
2.6840777601805015,1.7785825473160155,3.982024064844209,62.347726799621164,Hashimotos_Hypothyroidism
0.534964053185108,1.1844069868810474,1.8866487086931958,84.85323753150264,Euthyroid_Normal
5.246330646129718,1.0613147552518432,2.6450724325762254,10.021056582081991,Graves_Hyperthyroidism
6.007649562922829,0.8820323652764203,2.2265421435177557,23.17651199833902,Hashimotos_Hypothyroidism
3.460327478520481,1.2596544457408283,1.3067707063415517,116.10888745885164,Hashimotos_Hypothyroidism
6.190337860229731,1.0849461190300607,2.7338554513258404,82.17391843646854,Euthyroid_Normal
2.8594218723431672,1.5413207528066089,2.702601993293373,209.5154769341188,Euthyroid_Normal
3.1066511228645215,1.145691059464816,4.010759794593705,70.17167191600204,Euthyroid_Normal
2.342819614415395,1.160120704584751,3.3046493476438217,24.97740614418322,Hashimotos_Hypothyroidism
0.10814065075847766,0.9545551151144578,1.980650540536636,44.6577511649979,Hashimotos_Hypothyroidism
0.47950322780583654,1.077221750511573,4.28327405306735,54.08986102064621,Euthyroid_Normal
0.13412146143082607,1.2231207075568238,3.7768269564202823,4.085227772741556,Graves_Hyperthyroidism
4.249264113895708,0.41593264293734994,3.2656781627748925,39.31764431762053,Euthyroid_Normal
1.5850661769394194,0.5607258311577149,2.6188127209201344,61.776756167841384,Euthyroid_Normal
2.9838361439635985,1.397305637609086,2.0324486106212163,9.155371515647234,Euthyroid_Normal
10.001315225353098,1.1683461752511768,2.5022345791431575,75.85016529870559,Euthyroid_Normal
1.2043030565298531,1.0264066654589283,3.6709988957633484,43.82619835734714,Hashimotos_Hypothyroidism
2.218784294507225,1.1073735732261574,4.307669044747687,152.0592755555257,Graves_Hyperthyroidism
5.916746419662051,1.2390326821446684,4.034594822617751,2.167420526105625,Euthyroid_Normal
1.091181659053055,0.8840961278762555,2.4089204625709804,15.4164301404719,Graves_Hyperthyroidism
0.33643796991074076,0.788678109839075,1.9043060533687908,46.00914975811219,Graves_Hyperthyroidism
1.4369892763256398,1.1783381020390726,2.912708997528963,17.58862845523176,Graves_Hyperthyroidism
0.738395105700264,0.7086508889539872,1.3852485075497185,62.66238300943795,Euthyroid_Normal
11.150790360698624,1.2633011022857887,3.058534171347825,71.14901324549238,Hashimotos_Hypothyroidism
6.933725738035192,0.4189665583048639,2.681917930961065,5.407997301929704,Euthyroid_Normal
4.21467560018623,1.5116622549302576,2.427170798505406,36.062362177253796,Graves_Hyperthyroidism
8.616382868187415,1.2890389929652173,1.5242375461865634,35.55441374949078,Graves_Hyperthyroidism
6.837469551110337,1.2024118937255504,3.210880085255773,23.04472380936284,Hashimotos_Hypothyroidism
0.8672810007062841,1.4930763935782057,2.3738393282704706,135.09709168835877,Euthyroid_Normal
9.369416301989357,1.7661897777850308,1.8640665314317693,87.86973400640409,Graves_Hyperthyroidism
3.255419588257922,1.5057480260072522,0.5021902293746803,59.73568708741899,Hashimotos_Hypothyroidism
6.918862823474979,0.36365030746734195,2.777988075959491,62.64531019127748,Graves_Hyperthyroidism
9.509819127002173,0.5881692133057195,4.217801277335795,30.968462211463795,Hashimotos_Hypothyroidism
1.6074690089569377,0.8500725689217286,4.129007371638296,126.9119037856019,Hashimotos_Hypothyroidism
0.4896870725201735,1.1104364200843335,2.4343229947309823,59.30589566671045,Euthyroid_Normal
1.0864843337854018,1.3070636081876492,2.3182303517105756,65.27832886776416,Graves_Hyperthyroidism
2.3396423095441805,0.8097024747386138,3.1750194048600187,98.91321354357859,Euthyroid_Normal
7.15608485188357,1.1747067057908314,2.001291648649367,16.015193846438724,Graves_Hyperthyroidism
8.2796488818953,0.797846827058671,3.0414335198555724,82.27162675622995,Euthyroid_Normal
0.02930091856293272,0.8553928788032208,3.412864222707752,10.860596594951662,Graves_Hyperthyroidism
3.002479869221934,0.5373355612607111,3.781546579107446,21.182112208300723,Euthyroid_Normal
2.2691479478584196,0.7307067015556383,2.7198767388160374,20.444331813511393,Hashimotos_Hypothyroidism
1.054902820758463,0.5593261577534666,2.637060999858427,192.0443811126308,Graves_Hyperthyroidism
0.5362576444917166,0.709650698809067,2.097613930594751,97.08398381862212,Graves_Hyperthyroidism
1.7300160354222165,1.521456718643136,2.138495716768112,60.3939982992444,Hashimotos_Hypothyroidism
12.02510871530283,0.7202404444672229,2.618816886478778,64.92457117101071,Euthyroid_Normal
1.6396119721021924,2.1529528259349564,3.093892405452942,41.28512898420655,Graves_Hyperthyroidism
3.0721017841926384,1.2973271603523557,3.530867700986599,146.95877652546008,Graves_Hyperthyroidism
5.099165302899591,1.1739344494779496,2.157456839455724,34.28462706605279,Euthyroid_Normal
1.898292895661242,0.7566568879275147,3.9941508551676175,23.943558284108544,Hashimotos_Hypothyroidism
14.98475218082514,1.3801239517635966,2.5831011191659448,8.898671397007586,Euthyroid_Normal
13.784441431073873,0.8697448695048905,2.782906164521251,77.13703589415599,Euthyroid_Normal
1.2182574389672622,1.1488039258581446,2.202230656681741,66.29646409861012,Euthyroid_Normal
2.8881689695481585,2.1240338153075182,0.8606077917816465,24.254242142454213,Graves_Hyperthyroidism
1.5033079323319964,1.0615760401101402,3.5072363170888394,1.2758100477195538,Hashimotos_Hypothyroidism
1.4080486408005433,1.5597093305142704,3.3894751176739466,91.31671580553208,Hashimotos_Hypothyroidism
0.15785480661519463,0.8187294299496451,2.574937954305429,0.5741834552131777,Euthyroid_Normal
3.9500666981268915,1.0860046038012154,2.8535925737798973,60.8191040330119,Graves_Hyperthyroidism
2.9337824578844818,1.808320254254204,3.2127513741632794,175.75825789699059,Euthyroid_Normal
0.22197456699764842,0.8492131768848931,1.5499633144907656,28.782549581847945,Graves_Hyperthyroidism
1.3718288682435513,1.8249794231987717,2.376757858122964,13.392234052435345,Graves_Hyperthyroidism
10.03321599457523,1.3831007741821904,3.4354117436974616,61.01713820598991,Graves_Hyperthyroidism
1.1502143189967238,0.875013289642293,1.7965684614646003,84.94848005046627,Graves_Hyperthyroidism
0.657429616138973,1.3529630956222085,3.0348463457333033,39.530318159445024,Hashimotos_Hypothyroidism
2.8235428597892724,1.489021779850692,1.7147345563012757,170.61586182015415,Graves_Hyperthyroidism
17.824955326984092,1.3487239848868786,3.173143985946821,2.652569402128082,Graves_Hyperthyroidism
1.16400821695085,0.4719101120438175,2.771486814162013,35.13923344642868,Euthyroid_Normal
4.6836510432486325,0.8091451296700526,1.5078945472755922,63.3729623674889,Euthyroid_Normal
6.0223280302057445,1.0009925457793982,3.731791483565737,99.25767462153395,Hashimotos_Hypothyroidism
1.1395993238103843,1.0702266283599815,2.212326738561561,9.877178007997745,Euthyroid_Normal
5.471545499667728,1.3482688390202713,2.151798050388495,80.47276607020213,Graves_Hyperthyroidism
1.925795756910077,1.1710804003733015,2.9604553577847543,40.22707936999149,Euthyroid_Normal
4.20211574047344,0.5658622565159596,3.7189098795429723,25.254909675138965,Hashimotos_Hypothyroidism
4.216118873978081,1.2520791404023854,1.9873425448172821,7.061765505724636,Euthyroid_Normal
3.2230180497998653,1.3442342981135293,2.849343879878377,100.23368553021274,Euthyroid_Normal
0.39744246700880803,1.323916179172416,3.143053200264458,8.55562319381555,Hashimotos_Hypothyroidism
7.575308135834447,1.532312290221849,3.354484485810515,18.537813911121624,Hashimotos_Hypothyroidism
1.6246032334030658,1.4335688618195617,2.94115324422178,17.127722026386042,Graves_Hyperthyroidism
0.8670148477517375,1.2836720316913748,2.5063777287333417,102.5578801850155,Euthyroid_Normal
0.17484499113624985,1.0719337154165414,2.137927823481024,55.84436228630647,Graves_Hyperthyroidism
3.753869299297251,0.4356156265936037,2.8689151064370995,79.64905291553204,Euthyroid_Normal
4.753777283922865,1.2718472876530345,1.9422887904115143,14.415306609661313,Euthyroid_Normal
0.0702531797455766,1.1830750748652445,0.4629196132043138,49.02467874882831,Graves_Hyperthyroidism
3.0140484551078512,1.2086315348781496,3.149247843326134,42.4019381061268,Euthyroid_Normal
1.0786614176308222,0.5893005696718762,3.523147872868956,89.43731370964588,Euthyroid_Normal
4.351722234500307,0.6675773838366951,0.909654051566529,118.26935506050371,Euthyroid_Normal
0.8047377346643618,1.5212611413331616,1.9922154362320497,0.6115634704485624,Hashimotos_Hypothyroidism
4.931692615784421,1.084177938457338,3.295323408804158,56.0459500444768,Graves_Hyperthyroidism
2.0536265441206276,1.37260027894905,4.445996375769359,2.661379202311137,Hashimotos_Hypothyroidism
11.593444034778091,1.111327350452184,2.816634966140326,39.798730368494475,Graves_Hyperthyroidism
0.6213665364449716,1.1119024557982973,2.2175976470166923,16.9580835284943,Graves_Hyperthyroidism
1.7519562227797214,1.4753135223903993,2.653682847116128,18.320148226473094,Euthyroid_Normal
0.5058659971553849,0.8935821087130505,3.8999011353185478,21.767242483955858,Graves_Hyperthyroidism
10.86199966803304,1.1384483107763934,2.2832286567003717,48.54955025691306,Hashimotos_Hypothyroidism
8.813001570076175,0.915089884517983,2.160646394679797,20.3270317391417,Hashimotos_Hypothyroidism
1.2529749542582536,0.9262015090270739,2.413805182254374,65.96900519963843,Hashimotos_Hypothyroidism
4.530803503984441,0.9763311506125444,2.03733711339303,25.91999393869146,Graves_Hyperthyroidism
7.13783310508473,1.1888535086534853,2.8981362527958363,3.5400753206794393,Hashimotos_Hypothyroidism
3.402555914883334,0.9085005513346093,4.099742766775648,76.56828242916667,Graves_Hyperthyroidism
3.167973522814574,1.6023024502294085,3.058463418492823,16.82669464758569,Hashimotos_Hypothyroidism
1.1628835908391932,0.7421570791121985,2.59811719829897,28.349245633047143,Hashimotos_Hypothyroidism
0.41044978999475107,1.0252513423354566,2.5665509848675647,57.82963935159129,Graves_Hyperthyroidism
9.555517545816997,0.9241075766903302,1.549447353042674,20.207510434524888,Hashimotos_Hypothyroidism
9.688452596123392,1.6787911537414932,3.506487821717727,2.9124851911949046,Euthyroid_Normal
4.211213661828116,1.1786219106046298,2.737730242389758,23.413939642607367,Graves_Hyperthyroidism
1.7389953412075605,1.512737815787454,2.6556160691274995,144.52231245840161,Graves_Hyperthyroidism
1.8041839864089046,0.5057758507852113,5.354486054275888,51.32403303355561,Graves_Hyperthyroidism
5.436754804853896,1.2068201063477035,3.039002326692549,55.65774843475207,Euthyroid_Normal
9.55120886625046,1.455852318249375,2.1985671599238525,50.02196783680692,Graves_Hyperthyroidism
9.160756791465776,1.1329135957101697,2.458913923035565,11.09422589643863,Hashimotos_Hypothyroidism
6.356961206109794,1.5261921500261406,3.7187565673574037,27.092932275544612,Hashimotos_Hypothyroidism
4.314704912984361,0.8930846199598512,2.8906163284302115,69.50303190493369,Hashimotos_Hypothyroidism
0.36914525002355303,1.663738976074232,1.6493776173461063,5.344356102718182,Graves_Hyperthyroidism
0.7404357016703284,2.0195592494477004,3.5353831476601627,16.27631248216475,Hashimotos_Hypothyroidism
9.610568100745525,0.9548645758241364,2.2654847315688045,16.1702370654051,Graves_Hyperthyroidism
3.9164745772554763,0.9217989914396914,4.298638220974036,28.283359202299046,Hashimotos_Hypothyroidism
0.03880634356617652,1.6813537908470806,3.664038452571719,196.53160666398279,Euthyroid_Normal
0.4493869860309872,1.7318288582922852,2.442142483472999,3.4944429248061493,Euthyroid_Normal
4.5744820266190125,0.8908559891386928,3.82481308938809,36.563328435297365,Euthyroid_Normal
0.021312635617547412,0.9319252731616571,2.8542844084219223,9.883823033775565,Euthyroid_Normal
0.736326427637636,0.9872861564557971,3.4822189400977757,176.46837926128867,Graves_Hyperthyroidism
3.341930953783513,0.5622197955862892,3.1877862538355797,6.012626257777125,Hashimotos_Hypothyroidism
4.944724203950213,0.7325392214063208,2.122914676007301,25.842268838986936,Euthyroid_Normal
4.432854224968045,0.6983436932991729,2.28516013414603,66.9485941183854,Graves_Hyperthyroidism
1.0665894426937028,0.7928809739583487,3.623968654064929,60.963532435157795,Euthyroid_Normal
5.2307526133738635,1.0861260450452876,2.532179734314767,27.472141150995483,Euthyroid_Normal
1.137459788021785,1.1936858930146081,2.4770812294064024,21.27248644659102,Graves_Hyperthyroidism
1.6532666174559547,1.7202001971256309,2.0359019365205175,25.342707571706296,Graves_Hyperthyroidism
5.763901716996321,0.7006583837044836,3.138879252474769,15.345029413501967,Hashimotos_Hypothyroidism
4.404850020071626,1.4937289593906335,4.450019935394516,11.491602143566874,Hashimotos_Hypothyroidism
7.946215525346284,1.0144044623097965,1.9459736685965814,32.98945959341901,Euthyroid_Normal
4.501615810313003,1.0802145161390269,2.8193755653382064,15.635210297696755,Euthyroid_Normal
3.528186083466481,1.3699277968666415,3.9297764443323433,16.94607823168569,Hashimotos_Hypothyroidism
0.41309965808332405,0.6509111913750806,2.736286887003428,53.4656949691592,Hashimotos_Hypothyroidism
1.9253484902694842,1.2529638984736204,3.161897436999787,172.9476784653158,Graves_Hyperthyroidism
1.294272621007091,1.1665808832852225,1.950085177482496,46.27126634713336,Hashimotos_Hypothyroidism
1.1747408553821694,1.2969805056032597,3.1426456777661187,4.005189942997254,Hashimotos_Hypothyroidism
15.17169950588429,1.2156674575631274,2.6502845879963606,3.929633724427554,Euthyroid_Normal
2.0974274875681,2.082120055964358,3.5885839965438904,151.23048287162152,Hashimotos_Hypothyroidism
9.349431887243796,0.8449040062994737,3.7499088412518007,17.640605735917973,Euthyroid_Normal
4.18880442009323,0.887601217999273,4.871650913614891,4.829233816040338,Hashimotos_Hypothyroidism
6.652066061291279,0.8507437894300943,3.2637065385708603,45.6952523879412,Graves_Hyperthyroidism
2.933428362432836,0.8778091523358982,3.060637053265733,48.86162356502919,Hashimotos_Hypothyroidism
3.6126547910946574,0.845045149077393,2.9555074412618687,52.27796404115659,Hashimotos_Hypothyroidism
2.8488324200351127,1.5756066124430208,2.5174669657514492,15.557909833478298,Hashimotos_Hypothyroidism
0.9123025603660017,1.668201699195942,3.0707870747693526,0.7613006942445557,Euthyroid_Normal
5.383399572876376,0.8717014825002095,2.563678871888776,167.64232206039816,Graves_Hyperthyroidism
1.3842249471383044,0.7670577707583086,2.9347687810156913,14.44367547596329,Hashimotos_Hypothyroidism
0.10338922053889218,1.2885662225545618,3.854078028486368,56.35464512230804,Euthyroid_Normal
4.355268902440151,0.8791107822876114,1.994765947776287,61.31601122250381,Graves_Hyperthyroidism
0.8187209949442553,1.3531727271022045,3.7119028489032364,47.08137790959099,Euthyroid_Normal
11.848549218547873,1.18116920834052,3.853692053871892,18.76430992420446,Euthyroid_Normal
12.925762133709698,0.4937023540011073,2.705545178407137,15.810679551628299,Graves_Hyperthyroidism
10.346741515462135,1.7190020805320247,1.102516080793124,45.523918161017946,Hashimotos_Hypothyroidism
1.9416070652889403,1.8183510692382088,2.313742410324454,100.53147087469951,Euthyroid_Normal
0.06542472456216641,0.8548845238062457,3.8375956372488873,146.62259804712815,Euthyroid_Normal
11.069198520793938,0.9449193760256065,2.7817055501608943,5.597207257871357,Hashimotos_Hypothyroidism
2.347540763622858,1.2143461562899622,2.000558214164071,8.410792343154851,Hashimotos_Hypothyroidism
14.283536467712636,1.2337827159948103,2.3961800630174257,144.78191298494596,Graves_Hyperthyroidism
13.917688999746863,1.3634177090691322,3.4724960212036424,66.69178069043613,Graves_Hyperthyroidism
8.05302547215356,1.90408181550654,3.237386854561103,107.27642831722235,Graves_Hyperthyroidism
1.4648594863230733,1.0292211090023804,2.608854320664244,11.321988527499602,Hashimotos_Hypothyroidism
2.0424261148145133,0.7806811021846186,2.5065404705482495,44.286363363235445,Euthyroid_Normal
7.999851940407935,0.5482723087941892,2.486593480764942,60.38893427855406,Euthyroid_Normal
1.6008141720090119,0.8076279840232324,2.0620718524011976,56.98919931745888,Graves_Hyperthyroidism
0.7800181884421701,1.0867492108504813,4.092300551575553,26.22524557519717,Hashimotos_Hypothyroidism
3.4176953666529566,1.8178231454071152,2.5421436246309277,0.7757311732207487,Euthyroid_Normal
11.555432577389576,0.8929554803855315,3.773726816660397,43.724587554533564,Graves_Hyperthyroidism
5.001467510583336,1.1895151806555595,4.017052841537961,14.591301618925726,Euthyroid_Normal
3.5452718130297534,1.0934308415708993,3.598648718518368,29.91496866738502,Euthyroid_Normal
0.42935842886715614,1.5753573093792337,2.454703749825561,158.00796297502717,Hashimotos_Hypothyroidism
4.009029005174415,2.1107729703494487,3.122984072269287,25.460955548485607,Hashimotos_Hypothyroidism
19.364392940954534,0.8876524908318718,2.780643514887267,91.56711367572208,Euthyroid_Normal
0.6338664638975094,0.9042242229927112,2.077038511415897,10.446046558564827,Graves_Hyperthyroidism
3.0680803649223156,1.5176643508276288,3.059487425377282,55.80733072314863,Hashimotos_Hypothyroidism
8.814156279183337,1.3727565958505246,1.8567681670721579,188.62817378428323,Euthyroid_Normal
5.670143843085414,1.8386829302944137,3.750143510769251,5.373308821031381,Hashimotos_Hypothyroidism
5.015112586267027,1.3335712741303856,2.4283061621612854,0.41773730626224287,Hashimotos_Hypothyroidism
5.0916077361428576,0.9562831636851763,2.9609277246982715,28.421217841253444,Hashimotos_Hypothyroidism
1.8710678377227863,1.3362619322769238,3.0266302972369137,4.8599997869305,Euthyroid_Normal
1.4597607539217998,1.5434814322331631,2.592876021036738,68.99262764478806,Graves_Hyperthyroidism
6.960972930490792,1.4281928724789459,3.2693550411802197,122.9904116448158,Graves_Hyperthyroidism
6.977578436165521,1.3029096124429191,2.42007707470198,28.459912786061885,Graves_Hyperthyroidism
8.475390198945243,1.5266698758356616,3.497037837965795,14.968279124765962,Hashimotos_Hypothyroidism
10.267387039713872,1.5677182361782693,1.723216255802601,28.493701626667274,Euthyroid_Normal
3.0075915951181957,1.652863596415011,2.9011036636371292,64.26778759780298,Hashimotos_Hypothyroidism
2.9239743857150367,1.359483955035857,4.351143199246628,0.4547699803614305,Graves_Hyperthyroidism
6.723989715695648,1.0331527678732584,1.99973494031554,44.5133636144739,Graves_Hyperthyroidism
4.408820114528761,1.1586854745733293,2.2578040235801184,47.50422889260729,Euthyroid_Normal
5.084312723748371,1.5826035866033428,3.211126279727132,50.76251206765839,Hashimotos_Hypothyroidism
6.672201794807661,0.7732257316051057,2.943665425551678,13.85505115132008,Graves_Hyperthyroidism
9.270758600656421,1.2474693235491605,3.0805040794188474,62.59739163161683,Euthyroid_Normal
1.7324261099781477,0.9426644750690558,3.1913497041181307,4.7920477802918,Hashimotos_Hypothyroidism
1.9779345126557368,1.111497929173927,3.3077771748494156,11.11159437946992,Hashimotos_Hypothyroidism
0.41452336458691436,1.6113807450429196,3.6877598735649784,104.96998808902605,Graves_Hyperthyroidism
3.6263389117596256,1.1764396272079614,3.12785492554281,67.10873543226647,Graves_Hyperthyroidism
0.15373723768559938,1.1185746192624597,2.606993876305166,0.6920449429463241,Hashimotos_Hypothyroidism
2.6317491823648607,0.5560575436080324,3.3380589609621847,14.27597132418404,Hashimotos_Hypothyroidism
3.285637259885929,1.3985014264108884,4.319905547916171,12.065788712923633,Graves_Hyperthyroidism
1.4180487733209945,1.3581936724564303,2.693893002893941,15.79079571346389,Hashimotos_Hypothyroidism
3.753256626613936,1.9653018893221843,2.0203765562634866,14.221685722856122,Graves_Hyperthyroidism
0.1300952608261931,0.9768887060187998,3.685664535429578,3.228328516165735,Hashimotos_Hypothyroidism
0.1598666969877154,1.1876601310655757,2.703695068837121,30.711302767106773,Graves_Hyperthyroidism
7.263275752060172,1.1997534734843023,1.0618643631887708,65.97544483496353,Euthyroid_Normal
1.8756571016725279,1.7309813119053898,3.477937341720337,46.66316328474587,Graves_Hyperthyroidism
0.5707339734491975,1.0618817870452193,2.3717374512368616,55.87013671515735,Graves_Hyperthyroidism
3.102345070771866,1.2116086103081358,2.727573374156671,4.231574841409748,Euthyroid_Normal
6.172521349872088,1.3431586038866157,3.065584264455212,151.2999978317007,Hashimotos_Hypothyroidism
1.0210956144055943,1.1746436492625434,2.952399743823253,91.15997865791446,Euthyroid_Normal
4.095922398357271,0.9214265541797888,3.3675614537112315,81.76094997440988,Graves_Hyperthyroidism
0.3746863217575686,1.177635997159323,2.451610903544125,86.57570268273655,Hashimotos_Hypothyroidism
0.2228734028232995,1.5294526999439089,3.210484638540866,134.9375596598192,Euthyroid_Normal
3.1832175506271883,0.689393880235576,2.592362657932866,39.29097839250176,Hashimotos_Hypothyroidism
3.2672238593179173,1.1531878696587505,3.391048384710002,11.174806789967352,Hashimotos_Hypothyroidism
4.261057282459387,0.8199516740243308,3.2922939872104426,47.95777283987891,Euthyroid_Normal
5.4388343642500745,1.578018651569937,2.0516490383643236,67.91090931174178,Hashimotos_Hypothyroidism
15.638939436539971,0.49072523808649016,3.6687856929400255,66.95477661867002,Euthyroid_Normal
3.0504227007674967,0.8764312610913647,2.371229243908761,36.84962705983576,Graves_Hyperthyroidism
1.638082799245111,1.2508847500258085,3.4464462386249157,3.5457386793518535,Hashimotos_Hypothyroidism
6.659746714877283,1.7262096116937362,3.093829850721072,23.19017953781472,Graves_Hyperthyroidism
1.3265761548317767,1.073699895570805,4.2705469414360975,126.76787293516331,Graves_Hyperthyroidism
2.4275304113478655,0.8779201893227208,2.621227214102518,43.90748556865409,Hashimotos_Hypothyroidism
0.3431617080514136,1.852462827776236,2.520546563105442,38.64545690174431,Euthyroid_Normal
0.10784596007419239,0.5207944398335025,2.7844643152898136,15.657072429293192,Hashimotos_Hypothyroidism
13.806995677728128,0.22047761735196728,2.5574561737325796,22.97882267765736,Graves_Hyperthyroidism
7.592624096883263,1.2760057800213331,3.43995352155364,112.85482300295028,Graves_Hyperthyroidism
5.000699477757235,0.8991783102589556,1.5069515132507294,54.90008088730326,Euthyroid_Normal
2.208610506753596,0.6915068731477148,1.9570540646829164,77.41408965374802,Hashimotos_Hypothyroidism
0.7992874517968568,1.3833425789197413,1.9457576627366453,30.288457321064925,Graves_Hyperthyroidism
0.7145071146059875,1.1975202855084797,3.5602460735788606,49.74603286775109,Graves_Hyperthyroidism
1.2096251543316512,0.8743685477053087,4.16849069806554,14.276460159816908,Graves_Hyperthyroidism
3.3465207229159213,0.5878782405316423,2.716440625170023,61.11716403019921,Euthyroid_Normal
5.266167008662459,1.448982931312058,2.664942621447991,27.895978066118115,Graves_Hyperthyroidism
4.533439468726554,1.3600804711834644,2.8560417304905448,29.218720995198762,Graves_Hyperthyroidism
1.379331497833783,1.060329654488247,3.729502642086552,52.39438905266019,Hashimotos_Hypothyroidism
13.012034693936489,1.8386547984190664,2.0581174926475407,137.66332735548693,Hashimotos_Hypothyroidism
5.623873100475951,0.6719660934695391,2.990695186187828,3.307329154614954,Graves_Hyperthyroidism
3.3945680241115914,0.48978993163010454,3.5801581038259433,87.07515826035758,Graves_Hyperthyroidism
3.9733279825572274,0.8232367720475023,3.200875335951876,17.29262240730678,Hashimotos_Hypothyroidism
2.284959035234616,1.081765593457801,2.9516652932789946,29.342106461394817,Euthyroid_Normal
1.1955774275510667,1.197335779729077,3.6008368740537127,1.1078495994734696,Euthyroid_Normal
1.8480593431570722,1.003505576857468,0.6374141656006099,17.90852292848194,Euthyroid_Normal
5.956363760578196,1.2408221586057189,3.342300255624726,34.92117807338146,Euthyroid_Normal
0.06089193482737796,0.5993842303238224,2.276739453498061,2.89078264239775,Euthyroid_Normal
0.5181976474078994,1.677505841629304,1.3354936825148342,33.77476767819873,Euthyroid_Normal
0.19779638320058623,1.0671395286429726,3.2089620796199845,130.9406225562289,Euthyroid_Normal
0.1746420980526282,1.5469183326352514,3.898926836130366,5.5685503545412285,Euthyroid_Normal
8.123652741185767,1.2370901385510817,2.6900411882978466,72.28963558694007,Hashimotos_Hypothyroidism
5.108210569142891,1.2827012876615136,3.5622996377623504,26.353768039866253,Euthyroid_Normal
2.699695296534148,1.3279069120928815,4.089822606390916,53.23572545600616,Euthyroid_Normal
0.43241905748081566,1.279083424006926,3.8519315628672377,15.07124354572826,Euthyroid_Normal
2.8413754563483797,1.3570891039470176,4.111971623497114,8.687456019759164,Graves_Hyperthyroidism
2.694091394796359,1.6316610120529726,3.3937019928575136,8.745213506410947,Hashimotos_Hypothyroidism
0.798817793760945,1.1786084678805882,2.8603469111212743,3.654990330033584,Hashimotos_Hypothyroidism
2.3893763514697604,1.383601503035405,1.518427350482265,10.268049183884456,Hashimotos_Hypothyroidism
2.135013781249469,1.0641057222851094,2.603150009496041,54.564863189316604,Euthyroid_Normal
4.018234218235166,1.6760468861797893,2.1254027237470465,106.72260761290974,Euthyroid_Normal
4.234081051371831,0.8294430791762922,4.536754173998251,84.13422813307038,Graves_Hyperthyroidism
0.19472176088624588,1.8203761731643264,2.6592913500541306,57.78045558182286,Hashimotos_Hypothyroidism
1.9714128195512586,1.0839368197422627,2.8985638454275886,5.8509586905315745,Euthyroid_Normal
4.12912497808746,0.5276899591527808,3.241188300832374,17.067326074221484,Hashimotos_Hypothyroidism
2.937645700952717,1.1512417659643157,2.834881957097963,18.539191485798177,Graves_Hyperthyroidism
8.153667703336843,0.8275793370100477,4.156040832344602,14.381233464810094,Graves_Hyperthyroidism
4.514894009030991,1.4362574195954898,2.3018805106124383,36.18090288086634,Graves_Hyperthyroidism
0.7469820488226908,0.8389504082790437,2.955685964189794,38.345479146992204,Hashimotos_Hypothyroidism
0.3073662322762115,0.9215266267140882,2.206023531441561,22.07166189586289,Euthyroid_Normal
4.319255417857343,0.3441837076217876,1.743981991023435,21.831472439241605,Euthyroid_Normal
0.1128501052030566,0.9190774723003694,2.3105847272757716,88.17481254885438,Graves_Hyperthyroidism
3.701658986790621,0.13044826934841736,2.77037056236127,77.86430081345391,Euthyroid_Normal
11.832472912626038,0.4664388706057107,2.4565582203861918,18.393716297835187,Graves_Hyperthyroidism
3.5984862714256867,1.4041658624577191,2.246063216100915,122.54755242514166,Hashimotos_Hypothyroidism
2.0634629073404107,1.414320063460333,1.6749460290625326,152.68397969230026,Graves_Hyperthyroidism
4.329474062948925,1.270183024713986,2.733515541897044,19.781373489389512,Hashimotos_Hypothyroidism
2.5744150910145835,0.7132095427483148,1.596223700775198,21.880690356209325,Graves_Hyperthyroidism
3.3130203144205446,1.080915457543208,3.408044770951682,35.22397278854301,Euthyroid_Normal
11.920134014178597,1.0985589843637726,2.8659518023476025,141.61338022406764,Euthyroid_Normal
2.049295614870786,0.6366541243229832,1.6339588004280554,104.50265554463935,Graves_Hyperthyroidism
13.646185818328368,1.7013593207068605,2.552632738360109,5.410894290702713,Euthyroid_Normal
9.90181997183366,1.4509449162302686,2.198274875527533,24.93915001170238,Euthyroid_Normal
0.91516429594989,1.0116143304681344,3.0553396083353443,40.30137157340869,Euthyroid_Normal
0.3019134522732595,1.1107543355978124,3.8723603568185156,34.97159163920341,Hashimotos_Hypothyroidism
0.4461464090228469,1.183353123179021,1.299862024283404,10.775083000408872,Euthyroid_Normal
0.07723752895838155,0.2833060526302838,2.8920208633179336,97.88483684779266,Hashimotos_Hypothyroidism
0.4166610489541674,1.0011290469917613,2.6718937635466875,56.495981909402836,Graves_Hyperthyroidism
4.825274464824102,0.8272063008008806,3.337072061160372,90.97967581497204,Euthyroid_Normal
0.3101684331749935,0.6993519960420339,2.970557302590151,97.8662503402714,Euthyroid_Normal
1.6134601908384478,0.9875598828456181,2.1984245346089444,68.98696535848757,Euthyroid_Normal
7.826809368408564,1.8190746107398093,2.544756851466705,28.92049236190386,Graves_Hyperthyroidism
0.09889741335898834,1.356337144506804,2.1631793145572087,47.15057297135249,Hashimotos_Hypothyroidism
7.075028125981026,0.8715284040868814,3.6608057108788787,8.73942445366517,Hashimotos_Hypothyroidism
1.390550560726444,1.3290331125424635,2.8170493189375536,55.98854061247784,Euthyroid_Normal
0.5281505032822521,1.659742174634401,4.320952548602405,9.877034469695108,Graves_Hyperthyroidism
5.011252715447637,1.4698534731651076,2.751471348948303,59.200272685123814,Graves_Hyperthyroidism
4.163876541019525,1.1238521479680696,2.2332745864716297,13.042151555503231,Graves_Hyperthyroidism
8.817546419165177,0.8412252889177705,1.589028485909738,6.252731117308141,Graves_Hyperthyroidism
5.578833030810482,1.3792893254454361,1.3574882589952437,9.033215947152424,Graves_Hyperthyroidism
6.833382385174708,1.2573941541687,1.5326912455956079,0.0997061079855313,Hashimotos_Hypothyroidism
1.391602221688302,1.458077288011093,3.0137013208091865,63.4237205923132,Hashimotos_Hypothyroidism
0.8203998433698773,1.354068720672788,3.206980018583947,65.91329354919007,Hashimotos_Hypothyroidism
5.832776863222784,1.5198210861277341,1.535047438374293,36.17344873135256,Euthyroid_Normal
6.905678569622363,0.8859059153757729,3.516030651260892,8.798854342037746,Graves_Hyperthyroidism
19.55942053858897,1.6269576262537304,2.4135511586532483,4.362625076201045,Euthyroid_Normal
2.234733287440941,1.1790398418769599,2.9174344095884392,0.9657146158574832,Graves_Hyperthyroidism
1.9540244302392775,1.9301043490501064,4.089776502604339,9.060998805753396,Hashimotos_Hypothyroidism
6.291408914043066,0.8243248727641729,3.5174714526924253,110.75414535748173,Euthyroid_Normal
1.7502814179091633,1.7943855212661,2.585175481675334,13.823052658091772,Hashimotos_Hypothyroidism
11.214579282477171,1.1791643133850591,2.0870462196677697,21.86879373005469,Graves_Hyperthyroidism
8.210324460098247,0.8394327985542207,1.0785476789365558,5.565882570548336,Graves_Hyperthyroidism
2.3534935596570707,0.9064456663782715,2.224677344606064,12.574663233084152,Graves_Hyperthyroidism
5.837095809280937,0.9718610767222721,2.6310958089378444,36.61775005095822,Hashimotos_Hypothyroidism
5.899458544791072,1.2696663785607667,2.010256378279053,46.79313638308699,Graves_Hyperthyroidism
0.4571175789882157,1.3091341952142,2.694994426326156,14.075213996189348,Hashimotos_Hypothyroidism
9.779471859644055,0.8705199984245685,2.8614815063670145,2.973285639384077,Euthyroid_Normal
2.9555714569783684,1.090258163095607,2.620115214553537,24.79954925116879,Graves_Hyperthyroidism
7.355596741597987,1.9569081434447455,2.279997935341232,13.341932089252792,Graves_Hyperthyroidism
1.6200887898909349,1.7910172680402847,2.934923737573382,12.394481473601148,Graves_Hyperthyroidism
9.48692016109289,1.2745294678696129,3.153552519655527,160.77258807530035,Euthyroid_Normal
2.0705515070527194,1.1152013912672802,1.927680738045723,47.89477740754984,Graves_Hyperthyroidism
0.04576658778373701,1.1480125306873046,3.928745903797016,40.69555759654726,Hashimotos_Hypothyroidism
9.903210647242306,1.3454071890921668,2.7211294941725903,26.87346367889876,Hashimotos_Hypothyroidism
0.40204756430359606,0.6908829739206378,2.815079698355878,28.013429223173603,Graves_Hyperthyroidism
1.6155452602171634,0.997049385030662,3.3665715386052457,38.92490635099082,Graves_Hyperthyroidism
12.5872840093908,0.4325663704489641,2.986572905010801,59.607120846190256,Euthyroid_Normal
12.633388068436757,1.2596892490421119,3.562509307130596,60.557608416752295,Euthyroid_Normal
3.578388622432108,1.3588783758810965,3.029699332161459,9.418625811311385,Euthyroid_Normal
4.196766337640204,0.9067254150802505,2.3100501002876497,34.66863550715419,Graves_Hyperthyroidism
2.499061587216002,1.7295947053160132,3.089202820164881,26.547853333703614,Euthyroid_Normal
1.4574956707340276,0.6096937347990636,1.8850190341434703,102.21413266333093,Euthyroid_Normal
1.6736426051116369,0.5142500479160721,2.8868477646212183,49.904728386185496,Hashimotos_Hypothyroidism
4.688559035699726,1.1897807274239889,2.7734160074844314,38.01823142536145,Euthyroid_Normal
5.862519069384924,1.5188393210448619,2.6335065141819682,6.130682839680343,Hashimotos_Hypothyroidism
6.586420748128825,1.7735710765831476,2.697169990848855,46.52428645663679,Hashimotos_Hypothyroidism
6.547090333764715,0.9164462948524241,1.2945207636018885,6.233051440267387,Euthyroid_Normal
0.40167517546934167,1.5314723333725184,2.3610200738072304,20.56459571843652,Hashimotos_Hypothyroidism
2.8646083056080953,1.0845966121997173,2.8742759209128916,7.706648613371263,Graves_Hyperthyroidism
0.24898316708469875,1.0309490800236722,2.9278851135979203,58.894731915814425,Graves_Hyperthyroidism
3.3493375259206504,1.453463974994669,1.9778598872592332,11.54946959397232,Euthyroid_Normal
2.446732154946591,1.3609291513653679,3.81256627269176,24.86745648308424,Graves_Hyperthyroidism
9.183798389727366,0.4694431372063003,2.1070601214283995,113.0121060443565,Hashimotos_Hypothyroidism
1.8152048017651174,1.6906161398903585,3.575565760421389,11.427681936507678,Graves_Hyperthyroidism
0.5229251057202937,1.6520365416589808,3.141755489497348,35.444021474748446,Euthyroid_Normal
0.6480921490769014,0.8497749193961883,2.2830181521249573,27.173610331712023,Euthyroid_Normal
6.020408297732194,1.2583214133749636,4.220248714087609,0.9145146658282576,Hashimotos_Hypothyroidism
4.044203854941747,1.2976120745130957,1.8450905345948156,78.69343172279622,Euthyroid_Normal
0.44775659143061886,1.204269506329563,3.535323338888001,3.5772655764686,Graves_Hyperthyroidism
0.3689931910081414,0.879877938461832,3.6004658544343826,32.14695072837621,Euthyroid_Normal
5.0702755809430196,0.8313506528247795,2.263503832738684,41.12616604663264,Hashimotos_Hypothyroidism
0.317293576008348,1.089778371603422,3.913972240051463,49.50042355320459,Euthyroid_Normal
7.245780585996042,1.569091607703746,2.5999627883208376,58.338929802859475,Graves_Hyperthyroidism
5.144998963146021,1.317440061837773,3.0309549034238854,14.602739846099725,Hashimotos_Hypothyroidism
0.3563647524373107,0.9517542671655577,3.0082574710169765,0.5014449182274021,Graves_Hyperthyroidism
0.3723462446667881,1.408679484259338,2.6925530068235615,64.26703629946992,Hashimotos_Hypothyroidism
18.12492596064399,-0.03941704825203016,3.4486466185278255,38.35654564363472,Euthyroid_Normal
1.9691178467196162,1.5595062801488415,3.43479097644177,90.43034056564426,Hashimotos_Hypothyroidism
1.9448320939963124,0.4041144884887602,1.401174421409455,86.1270727665723,Hashimotos_Hypothyroidism
7.037416693787244,0.9550236234387472,3.843472194302522,92.67945682339605,Euthyroid_Normal
12.357091059445624,0.6521320421495426,1.4700064095714602,33.18861004991347,Graves_Hyperthyroidism
17.928850546328334,0.5821274097116379,3.6260369634733256,20.29538999184942,Euthyroid_Normal
5.879576766488635,1.5643307149514079,3.7013641094620664,78.40477129159646,Hashimotos_Hypothyroidism
1.9824881984003278,0.9129195194752435,1.9272268558278411,30.009635301613528,Euthyroid_Normal
0.3662147735314205,1.2386015526922864,2.4713485696363318,10.13287873577145,Hashimotos_Hypothyroidism
6.305218669909428,1.0812317684483264,1.915436265211251,96.54211885867282,Euthyroid_Normal
3.4329137117582706,1.2908163308892486,2.6280631757690114,107.0913332417349,Euthyroid_Normal
2.3185391262808897,1.1307287564241022,2.5535725726514067,31.396983800225374,Graves_Hyperthyroidism
9.946598237007981,0.5868031103245722,3.423728425815472,3.935914484397893,Hashimotos_Hypothyroidism
0.49509687348189707,1.4985067277788562,3.848246996895687,24.536943501757477,Graves_Hyperthyroidism
2.849721459366408,0.9024973667354751,3.916547048631965,81.36422586247191,Hashimotos_Hypothyroidism
0.04795807561667501,0.47736724053609964,2.3502655787373583,116.02423117498834,Euthyroid_Normal
2.65588835224829,0.9287539356136351,2.6326225010043776,11.374696431004255,Hashimotos_Hypothyroidism
0.24339181047688827,1.7003039162537246,1.4532494462232397,3.4660897801817367,Graves_Hyperthyroidism
0.5312621829109191,1.4400886968453972,2.155303946803049,104.92121014020714,Graves_Hyperthyroidism
0.5251101744313164,0.9605391462368564,3.571881306477966,24.666064372231297,Graves_Hyperthyroidism
4.399787222909281,0.9602969182726285,4.092466258838585,39.01821594685678,Hashimotos_Hypothyroidism
5.756510413905186,0.971345979513047,1.8125209024960622,172.20390602646057,Graves_Hyperthyroidism
3.677325864252048,1.9306991934243365,2.3260285926776842,3.444182867956367,Graves_Hyperthyroidism
13.753824878229985,1.2527741808926214,2.778875394432858,52.25139709923749,Graves_Hyperthyroidism
1.9731456272651222,1.272016658876428,3.024128927055685,3.8497449045062484,Euthyroid_Normal
1.4131704611663467,1.512113381612737,2.152317184062683,23.537709819860083,Euthyroid_Normal
8.523910660314964,1.1955156636106055,3.1392488355712715,81.4347434561074,Hashimotos_Hypothyroidism
1.0629446844737842,0.9963831416717188,2.420928522343267,28.411459213976,Hashimotos_Hypothyroidism
13.872054446258026,1.0214600603660087,2.7884381832973766,293.5926729980467,Graves_Hyperthyroidism
0.051361566307671094,1.0713594962343744,3.2370273984029594,40.94224227788536,Euthyroid_Normal
14.710613076093823,1.0851111053960634,2.80513781584875,19.36864954473237,Graves_Hyperthyroidism
0.18529979419770798,1.3910518174547921,2.4508912875787447,12.430204750183501,Graves_Hyperthyroidism
9.314429162472038,1.12077835432292,2.712312156859335,21.579202945019084,Euthyroid_Normal
3.1506016514674395,1.3930560308862319,2.7293096326357316,23.30323176468781,Euthyroid_Normal
20.81868015328934,1.0677133679565671,2.5039911760942974,3.559425313132252,Euthyroid_Normal
0.3219777790087107,1.1314540761264362,2.5929631498663177,23.06799069853607,Hashimotos_Hypothyroidism
3.389860587680065,0.300719726187157,4.078917736403773,31.203310823324067,Hashimotos_Hypothyroidism
14.631015929275222,1.4665310698809926,3.248735558352991,64.13957389264606,Graves_Hyperthyroidism
3.109864519360385,1.238595390359197,2.5636157455766715,53.4618234187654,Hashimotos_Hypothyroidism
4.1690388196009875,1.499204043943861,3.3575635236085883,61.68135137033334,Euthyroid_Normal
4.997585200090452,-0.058502151277475684,2.532944408195192,0.4199426856058394,Euthyroid_Normal
2.5457365738431936,1.9353498819122912,3.738499710069313,12.273765431517148,Hashimotos_Hypothyroidism
4.148231526633693,1.0441641487379305,3.095713753758475,54.18878807356185,Graves_Hyperthyroidism
3.686868619584174,1.5432731266950068,2.714158284796617,33.08139547050122,Graves_Hyperthyroidism
9.71977763182712,0.6840376291497877,3.158173540648222,0.2663821192736602,Hashimotos_Hypothyroidism
0.1953481393226201,1.345109562025028,1.5432990783452003,81.60837477457025,Graves_Hyperthyroidism
1.3853394487747857,0.6786337747305377,1.8985860248721556,74.09833644919387,Graves_Hyperthyroidism
12.616783224615912,0.850492415721678,1.8448599948807554,39.75004405811175,Graves_Hyperthyroidism
9.280638479504642,1.8656125415467146,2.914354475810965,3.4387514988213947,Euthyroid_Normal
2.554336100230404,1.0237270396946614,4.186011999588073,72.73188279549896,Euthyroid_Normal
4.065318720703704,1.1869731492718893,4.585040116954106,43.81908822958591,Hashimotos_Hypothyroidism
1.3644683635595467,1.4480270922755016,3.3104408811526054,76.15383210126404,Euthyroid_Normal
0.875297478031471,1.2982727551890418,3.2006755799555653,69.66534304535216,Graves_Hyperthyroidism
2.6168461149772146,1.1601675620574305,1.3591538126778087,81.22810339259655,Euthyroid_Normal
1.8310048453902803,1.2459844009864902,2.3658609602127822,36.49139501754389,Hashimotos_Hypothyroidism
3.6802235652279007,2.0613662340953103,2.169772998473409,7.560015384221204,Euthyroid_Normal
0.33987359461937616,1.0769524811865658,2.303321921399107,55.60881426470513,Graves_Hyperthyroidism
15.392832514594783,1.1804396186859871,2.6654849451321683,48.44158034676422,Graves_Hyperthyroidism
17.992235417320664,1.520261758403045,2.422327537842298,67.78887608141982,Hashimotos_Hypothyroidism
5.031028304033716,1.5422103731831938,1.2165601516993696,9.309311113175609,Euthyroid_Normal
3.225929424530778,1.5748121222241522,3.398328204894027,10.844109723041843,Euthyroid_Normal
1.555593066528312,1.355492088811674,1.9418055794081546,110.55023720907293,Euthyroid_Normal
7.059810103449586,0.6427980349078066,2.9913974912889194,69.31027794356051,Graves_Hyperthyroidism
4.848184251325026,1.7533726129204386,4.459266135799979,119.42266819727803,Hashimotos_Hypothyroidism
0.7453893472220512,0.6414618427925248,2.064492326730861,71.08889013113904,Euthyroid_Normal
10.156864586396336,1.2210541860956134,0.7757699818029359,45.46020829885576,Graves_Hyperthyroidism
7.26177694774254,0.7982896599922569,2.5711966224959113,53.085010527946274,Graves_Hyperthyroidism
12.565301805140432,1.074344661362803,3.6807677079988568,109.96891050998268,Graves_Hyperthyroidism
5.433136817623764,1.2315049641213924,4.366677963376475,43.23317676020177,Euthyroid_Normal
3.9916968822837657,1.2285428861801093,1.8163603244380664,50.03681439657029,Euthyroid_Normal
2.275150527691076,1.268768301694114,3.1973593785892174,8.508388667527143,Euthyroid_Normal
11.335877118497896,1.7454845076234589,2.4277516345759573,32.115215290834485,Euthyroid_Normal
8.443647996197065,1.281413720605592,2.7152413165566913,63.009015043571424,Euthyroid_Normal
0.1943463423431157,1.0023373458837406,4.915474677613628,15.800147346499276,Euthyroid_Normal
0.11222743083934773,1.4856348673153432,1.597623737283877,11.298262711589633,Euthyroid_Normal
1.983860598649704,1.5757881955698563,3.0029917291956587,18.831260848764963,Euthyroid_Normal
6.987320436583563,0.608956873945203,3.1741545374123463,13.820665406717284,Euthyroid_Normal
18.329956966524705,1.3389600279399434,3.6686290599514777,12.098013849627499,Graves_Hyperthyroidism
0.6846399417248147,1.3804690969243594,2.878386522776716,27.656293405821806,Euthyroid_Normal
3.7872413469060904,0.9809745986560033,3.0464404316032816,119.21064783844442,Hashimotos_Hypothyroidism
2.0137895389840037,1.650282725324648,2.4866811460625673,35.3683549779316,Graves_Hyperthyroidism
14.715575928379042,1.0399777651869893,3.015301552996086,10.407844522212926,Euthyroid_Normal
7.752835471221266,1.1502305813886171,2.5254461796020715,4.00476754442232,Hashimotos_Hypothyroidism
7.653198195173401,1.0307712702864522,3.2972575118848404,59.56206724269233,Euthyroid_Normal
2.656145398787049,1.1062316190325872,2.5043117311650924,24.128007830491345,Hashimotos_Hypothyroidism
2.2505067325748658,0.6614899652419194,3.101680315121749,86.25112205608029,Hashimotos_Hypothyroidism
1.3414333470302573,0.5239796469622823,2.7765897490520173,53.868588992838205,Hashimotos_Hypothyroidism
0.2437132481483121,1.737802025289989,3.7008402006177343,79.54097836041615,Hashimotos_Hypothyroidism
8.401789788013904,0.761215460672669,2.7588850211292106,15.869005592718596,Graves_Hyperthyroidism
7.039693244849676,0.7034430602174772,1.3815740254344946,58.94107541012077,Graves_Hyperthyroidism
34.32427151083595,0.23864395455851412,3.809537200571193,15.330469106684042,Hashimotos_Hypothyroidism
23.9184682831262,0.8444153009241991,2.0754141593099047,139.90023296755268,Euthyroid_Normal
3.4047366890938546,0.5707640826370006,2.276986929080944,50.58150931618789,Hashimotos_Hypothyroidism
6.154188978866296,1.7568060640545478,2.3234709647652063,19.615979526792973,Graves_Hyperthyroidism
12.163921068072632,1.5039268357370539,3.8995504745366536,15.70211432581741,Euthyroid_Normal
7.958042461778833,0.8247398619289106,1.091460628817043,10.593280914634784,Graves_Hyperthyroidism
1.1934402672408155,2.000974322137724,5.310198826927996,59.31335053787402,Graves_Hyperthyroidism
2.515072675079431,1.4927061947966378,3.6448454472528415,12.340803176876019,Euthyroid_Normal
0.5808446461149723,0.9700674465965511,2.9785911313033275,45.230864856457316,Hashimotos_Hypothyroidism
12.936939903055178,0.10023771405057097,2.756084799506971,15.36941705045495,Hashimotos_Hypothyroidism
3.9137603508721965,2.016377029036297,3.0284432598861253,54.23087542058411,Hashimotos_Hypothyroidism
1.0903356467576315,0.5441710132945616,3.2168979427034707,84.35368576448172,Hashimotos_Hypothyroidism
4.678084064527651,0.44184050121724333,3.316172468760046,75.25958057169422,Euthyroid_Normal
4.0432158259209015,1.5090281728038561,3.244483572802759,71.533493706326,Euthyroid_Normal
1.8623659416478455,2.075900962535709,2.871664545004199,10.395656616596675,Euthyroid_Normal
0.506264309873571,1.6537091274042075,2.642129263754139,4.626873450253989,Graves_Hyperthyroidism
4.676453390780229,1.3255636480209438,2.6789813730771903,60.02375118285905,Euthyroid_Normal
3.0853637815813584,1.3379017366661146,2.644073375717855,22.97077123598895,Hashimotos_Hypothyroidism
6.215189740034163,1.4413662235121232,3.7070160774936514,28.31217998206428,Graves_Hyperthyroidism
3.0841014137787637,1.4035714359147062,3.2748453778246893,1.5822270730651904,Hashimotos_Hypothyroidism
8.029434467495633,1.2124765695877504,0.4476890922685755,15.026644533912373,Hashimotos_Hypothyroidism
3.371567299890248,1.1416804415807504,3.3247206212238085,1.7128257613789892,Euthyroid_Normal
3.457081240116618,1.0749627488401912,2.9557889557750197,105.67506119683947,Euthyroid_Normal
8.789586301565041,0.7984141644533296,2.7850329948432817,13.94580914974728,Hashimotos_Hypothyroidism
2.1699187187500915,0.9877299692532905,2.489185237528891,40.74734519277519,Hashimotos_Hypothyroidism
0.6043294126392555,0.42281727432184585,3.6992901759888106,1.987967584027298,Graves_Hyperthyroidism
0.12266109001479768,1.0606641492821,3.558021169698286,54.95773048072541,Euthyroid_Normal
5.90964130118286,0.704563557139633,2.1816978657411124,19.50621997161652,Graves_Hyperthyroidism
4.067275661654855,0.6585642731136916,3.125641829699628,114.09952473304837,Graves_Hyperthyroidism
5.114194460751081,1.1719576604613915,2.022674612366971,109.51561116018706,Graves_Hyperthyroidism
1.0058222726724626,1.65680091453784,1.6963054681688556,19.6736613271068,Hashimotos_Hypothyroidism
0.6157727151587704,1.4673266424009255,2.298626220328028,115.61202569055897,Graves_Hyperthyroidism
0.061536200315808885,0.4717997585507291,3.4899147779062067,278.0838618074186,Graves_Hyperthyroidism
1.8130864983632908,0.704148745371865,3.562500036300869,87.26736769711309,Hashimotos_Hypothyroidism
3.7438689777927676,1.4763084751952864,3.210468336077834,93.1750245926015,Euthyroid_Normal
2.091523843756833,0.7070050425846762,3.3800766294783977,14.31806299604674,Euthyroid_Normal
2.416342163879411,1.0101467400011903,3.2129426296919665,42.98398992553327,Graves_Hyperthyroidism
9.849258396522055,1.3200208396098208,2.286814723821638,3.481220362865055,Hashimotos_Hypothyroidism
1.7980309805854693,0.712662218054546,3.1455380357391522,4.986483092402734,Euthyroid_Normal
3.0304051179037486,1.142150202458384,3.440327620182146,340.2875609944641,Graves_Hyperthyroidism
6.429661298422747,0.5663898020327183,3.4034330638508594,19.773702970479466,Graves_Hyperthyroidism
2.121336551456555,0.8594529424195145,3.7511306971797143,68.9528133814556,Hashimotos_Hypothyroidism
4.086979996482959,1.227912773657015,3.366643077760851,82.16655588657973,Graves_Hyperthyroidism
8.329190703474088,0.46280250658733235,3.0811585660332663,97.60460575716627,Euthyroid_Normal
12.541999744573605,1.2761898951841597,3.6561201906531418,302.2073593021617,Hashimotos_Hypothyroidism
0.6681438931223111,1.0921448804293277,2.778782992600752,13.820392319829855,Euthyroid_Normal
10.968983604776732,1.3209959817668593,2.0945002790178253,2.059375297847147,Euthyroid_Normal
2.845511680181229,1.1895656536258647,2.669546428844989,26.482715304569137,Euthyroid_Normal
1.2546889082758623,1.6456561719895377,2.2040778841548407,6.967739778697819,Graves_Hyperthyroidism
2.5812652629569297,1.150089801059163,2.2598573800204944,1.1340586641273958,Graves_Hyperthyroidism
16.437343009838486,0.9282377835498989,2.6843850634275856,22.347712126266643,Euthyroid_Normal
2.849663429202911,1.1489190012129136,2.166064063200031,76.56329021790305,Euthyroid_Normal
1.6741873348220992,1.3173192116145553,2.5536307762887676,41.756358540162296,Hashimotos_Hypothyroidism
4.21464235062217,1.1195440281302818,1.2851082664369713,18.75489395772082,Hashimotos_Hypothyroidism
1.1534395644055324,1.116236676481553,2.9706349658983506,53.115272397483324,Graves_Hyperthyroidism
0.33136028090018715,0.8192033248772979,2.8009643802897792,13.199460919587747,Graves_Hyperthyroidism
0.5794959227921467,0.8348396329796207,2.1463290951454472,0.7242930686019672,Hashimotos_Hypothyroidism
0.57547738108143,0.5389578912801226,3.327396534745924,72.2710998167455,Euthyroid_Normal
0.6919915865380265,1.799830697274776,3.5500561101012464,48.8741541994483,Graves_Hyperthyroidism
0.6277322774835695,0.602454705843486,1.5139521085048204,71.83784729547108,Euthyroid_Normal
4.301153014518388,0.8228379208816371,2.1898201771470283,1.9858186663832365,Hashimotos_Hypothyroidism
0.8431346995448229,0.8126370937723211,2.1846861201701615,90.73696303464502,Graves_Hyperthyroidism
1.7813851263381821,1.4579697507777767,2.0480775191129084,48.316898045698,Graves_Hyperthyroidism
9.538091325539103,0.982020128683189,3.4635798735453984,41.43635930371261,Hashimotos_Hypothyroidism
2.6980007949156937,1.5990968290694936,2.644939088981757,48.99002886260929,Graves_Hyperthyroidism
4.6254141513399984,0.8306037503024527,2.588388126951511,99.91455584666099,Hashimotos_Hypothyroidism
0.7943397718755093,1.2115976648895208,1.196910108474597,44.207698034597236,Graves_Hyperthyroidism
0.8969141201793993,0.7658611786960972,3.308334424167381,43.48829704919095,Hashimotos_Hypothyroidism
0.1752542934137743,1.9580596511093555,1.8085932841172216,233.77511053935262,Graves_Hyperthyroidism
0.7771988450754397,0.624960632388195,2.8479461042130625,70.67920140598498,Euthyroid_Normal
1.3715020982508113,1.223928284090811,3.0219015503665534,29.19614941672946,Euthyroid_Normal
0.8182096334290534,1.3535107523728396,3.888526876670921,61.44692688281089,Euthyroid_Normal
0.39012081301354384,1.2655196389805994,1.75294368070471,24.651779752405428,Graves_Hyperthyroidism
0.5399360966720806,1.0258849364489169,0.3843902753433394,12.995269560208722,Graves_Hyperthyroidism
2.5940432421345925,1.0480717201066296,2.9470796358029556,45.42256167094156,Euthyroid_Normal
0.9705872666494056,1.1175245887916438,4.240408945208682,131.6810752058117,Euthyroid_Normal
1.9025206851458578,1.0411991993486047,3.7911570823515497,132.35212029327806,Hashimotos_Hypothyroidism
2.940021775800188,1.485551646717964,2.9677275322197003,20.92032018851315,Hashimotos_Hypothyroidism
4.924321222852678,1.9842092006365406,2.406691051494362,37.50465962435363,Hashimotos_Hypothyroidism
0.1684440664200648,0.8770032859968666,3.445698077309848,11.889761909378166,Euthyroid_Normal
6.747275824069702,0.5520788081683689,2.021163040236425,271.6623096007408,Euthyroid_Normal
4.152093499542645,1.0646871806594982,3.1810862154849753,198.4770656162156,Euthyroid_Normal
0.3582408075806039,2.1318837350617272,3.204376127333301,52.4210024943048,Hashimotos_Hypothyroidism
8.68616573364998,0.7785301728121078,3.6481679259991036,81.58777018532882,Graves_Hyperthyroidism
10.654112894791497,1.755646722177627,5.007728031128862,62.7808801792394,Euthyroid_Normal
0.2646958757526863,1.7710803256305765,3.1139327737430134,44.96654568445091,Graves_Hyperthyroidism
1.3615427411403334,0.8785647033168023,2.392829099434001,2.741186319598373,Graves_Hyperthyroidism
6.8919277695518995,1.3275932316741101,2.7795405502464043,30.326858939522594,Graves_Hyperthyroidism
5.7933004089000955,1.7513586492514153,1.3847392760887052,56.16363904695658,Hashimotos_Hypothyroidism
0.8567144546595621,0.9483489036050052,2.2442294951287534,56.58750875488165,Graves_Hyperthyroidism
0.9865759309624397,1.0185678559590554,2.4725740495095168,23.350216057317393,Euthyroid_Normal
1.9436974621023528,0.8673276344205426,2.380729281652326,142.1007872475774,Hashimotos_Hypothyroidism
2.7831827716081805,0.6940973077228533,2.9218838976269774,9.157516941152922,Euthyroid_Normal
4.044607703045918,0.8402889819735972,2.1420640540942393,34.69331657590699,Euthyroid_Normal
1.933312764601475,0.6104238932950975,3.696824533859577,58.70192960707369,Hashimotos_Hypothyroidism
2.607742658727854,1.1136333873036905,2.8001656519345577,59.72353891048593,Euthyroid_Normal
5.780161549637339,0.7920107075765435,2.792559743089099,52.2970485491036,Euthyroid_Normal
0.15696639975020954,1.1935143647162991,2.5376842267896653,16.09906194807168,Hashimotos_Hypothyroidism
1.2219338119060683,0.47764174151854916,2.924152547087183,8.492378198547863,Euthyroid_Normal
5.247865874815308,1.232352092885783,3.4600786117341076,50.52187437461948,Graves_Hyperthyroidism
9.474220368188577,1.43341158464357,2.1062958274312797,45.72737712303205,Euthyroid_Normal
3.0104722712752836,0.30250574297141786,2.2735068087397945,9.883294682328685,Graves_Hyperthyroidism
3.1900239098828895,1.249622627939029,2.557019176978668,61.06258569092443,Euthyroid_Normal
0.4761176218707862,1.591067596989317,1.7233032612214279,30.364255764388965,Hashimotos_Hypothyroidism
2.4912016335509137,0.6161435925235179,2.1445937122228016,55.094973015560754,Hashimotos_Hypothyroidism
3.1945485560322178,1.7690289547350815,2.4190233011642728,90.81298204613951,Euthyroid_Normal
1.166309773694744,1.2676076037464181,3.4995113445701818,9.30012186111506,Hashimotos_Hypothyroidism
1.3174333698898841,0.8179952576966365,3.01004906320154,0.9665252060320517,Euthyroid_Normal
1.9893929361703824,1.0776923689369178,2.9548719290940353,75.5028438535453,Hashimotos_Hypothyroidism
0.08515651515132097,1.323330765008689,3.4807183697343778,47.04165038596199,Graves_Hyperthyroidism
1.6326439972757703,1.1304021565649647,2.6901025692804823,60.13860454390005,Euthyroid_Normal
0.9977391296192455,1.3155023969785478,3.1123718799431117,91.05580186750542,Graves_Hyperthyroidism
1.6663467669743273,0.7317305627682535,2.7174225976540027,81.17961443897677,Graves_Hyperthyroidism
0.5357650337960813,1.1677443296144312,3.0122898795197024,162.10741057540957,Euthyroid_Normal
9.290735579760703,0.534514201238008,2.333793073910734,38.38654101381316,Graves_Hyperthyroidism
3.7816750182941514,1.05550957546052,0.8489462733788564,33.51995776638009,Euthyroid_Normal
4.773858423150733,0.7384369434140842,2.6925766702509564,25.698795693722026,Graves_Hyperthyroidism
6.538177935986724,0.8057880229640935,3.938198508879952,8.343539423031892,Euthyroid_Normal
2.8981529717653176,1.5944372700841751,3.5409723217932734,42.50259296105759,Euthyroid_Normal
0.3819147969733146,1.5365240482377078,3.5723179876729363,16.218168984630424,Hashimotos_Hypothyroidism
3.2350851258382547,1.343655248362871,3.788904577444974,127.11037909505008,Euthyroid_Normal
3.712476843059769,0.6630748941309684,2.87092607276915,43.75633630557236,Euthyroid_Normal
5.746509924995319,0.9734366201220793,2.9578525659244765,44.92747468663413,Graves_Hyperthyroidism
2.373145527408525,1.5852390799916736,2.3058784836525197,21.9194082082837,Euthyroid_Normal
0.5732356002631114,1.156686765455962,2.54714171517836,2.6694772349584426,Hashimotos_Hypothyroidism
1.4018011570991564,2.027731815992678,3.292616919816913,1.6129260770302405,Graves_Hyperthyroidism
1.8946822669934185,1.257327135757749,3.763107549735053,27.524701015670296,Graves_Hyperthyroidism
4.360543368811819,1.1768196465960128,2.6884429794552003,4.417816493337841,Hashimotos_Hypothyroidism
3.5522832290459623,0.9763534143189996,2.4398485881188705,46.677815840651284,Graves_Hyperthyroidism
1.848868390537586,1.153416361912913,2.8004223670852775,106.42024841157249,Graves_Hyperthyroidism
18.086022243113213,1.0390120654477828,3.280965399143292,107.24267725759071,Graves_Hyperthyroidism
3.9094986355622794,1.3832434706754362,1.6449161470931664,53.80029890547041,Graves_Hyperthyroidism
1.1373370207785598,1.4826809267178338,0.9630552374902092,11.864141540467562,Hashimotos_Hypothyroidism
0.4508406194245248,0.7856042157968203,2.359570520406733,99.38756123270603,Hashimotos_Hypothyroidism
0.6967308288772687,0.5675068185768889,1.823430059268673,108.6188387330262,Graves_Hyperthyroidism
1.185688767459592,0.36551785075868143,2.393487841882151,10.948462850360546,Graves_Hyperthyroidism
0.735692474808035,1.3031965307650175,2.6817757449460227,66.86113292848202,Hashimotos_Hypothyroidism
0.8672653309092377,0.6586533575304506,2.4374012727815892,16.880012053853385,Hashimotos_Hypothyroidism
1.4095445625048755,0.2388437628190069,3.9619740275765962,81.13636947089958,Hashimotos_Hypothyroidism
0.7996902213841255,1.2554314418123858,3.061395811681856,294.58819920511763,Graves_Hyperthyroidism
9.537156087294845,2.0971998069731166,3.0403794876886625,1.5243008731011756,Graves_Hyperthyroidism
0.3512699928864007,1.0975716353840428,3.2977657152347213,113.82923547395158,Euthyroid_Normal
3.1223318704733516,1.4353963097806568,1.8889335057753844,48.72652772287815,Hashimotos_Hypothyroidism
2.21888333725507,1.132731743419026,3.631289429936215,181.30954308603387,Graves_Hyperthyroidism
16.962297097266866,1.060444138723543,2.739388570771632,31.27531610066969,Hashimotos_Hypothyroidism
0.4990748519291006,1.4676305931951075,3.33638449379297,93.99280356643364,Graves_Hyperthyroidism
2.130483573718208,0.9838901823245395,1.9425142135678755,3.2212767012842174,Hashimotos_Hypothyroidism
14.654050589332204,1.2069569256287613,1.5569929871871482,20.419397528551702,Graves_Hyperthyroidism
8.426225060266251,1.2286791224784055,3.4543117264200225,3.468390182076232,Euthyroid_Normal
7.134384742951954,0.8327638185427806,3.101127620878013,185.13499282987345,Euthyroid_Normal
1.2527553508407194,1.4968169398146092,2.0783587565139916,84.90632765453647,Hashimotos_Hypothyroidism
0.7870780377032476,1.0300160973218366,2.1042695349802445,95.71243274335698,Graves_Hyperthyroidism
4.639150314463491,0.7977019362028622,3.7003478275318153,139.00301338964834,Graves_Hyperthyroidism
11.131617398831814,1.3146039374281615,1.8484704857061376,4.447215984366045,Hashimotos_Hypothyroidism
3.4173317719999177,0.7406128072835851,4.114138362604771,24.355258936051094,Graves_Hyperthyroidism
3.5604557581260634,1.1112724629476514,2.0795034122817047,3.6842048178420517,Hashimotos_Hypothyroidism
1.3795951294047335,1.0963524013423187,3.3107135404867063,11.836338190250636,Graves_Hyperthyroidism
6.1633897853307715,1.5343582263326314,2.537105219400812,13.027071848820396,Hashimotos_Hypothyroidism
0.8697275250134976,1.2898792931519811,3.2825499448658744,31.659759108498402,Graves_Hyperthyroidism
1.6425688151007771,1.0899892165019425,2.3647087983086457,15.637152419979117,Hashimotos_Hypothyroidism
2.3274071102932883,1.427106519680115,2.6697656751421643,5.322394599515666,Graves_Hyperthyroidism
2.975636843107734,1.6560830196069254,2.8327353403165767,9.165567669698085,Euthyroid_Normal
1.1659728509923446,1.323124122540745,1.9982500353748216,7.965941795647717,Graves_Hyperthyroidism
0.5123297430053689,1.1041410479373523,3.3926594763361004,180.73834164996214,Hashimotos_Hypothyroidism
3.9614385612032974,0.5752655070599363,2.3894291468227316,71.20864021507772,Euthyroid_Normal
1.4303661474334755,0.673954534769851,2.617120067727985,171.72964055921454,Graves_Hyperthyroidism
3.6559028868282635,0.977910118258133,2.00452050031319,28.96775928236257,Euthyroid_Normal
0.7041919616368552,0.8561951191362868,0.7501330729637513,16.312031639109378,Graves_Hyperthyroidism
2.755709787719816,1.0252114788058218,2.6471777899198647,80.04700536592351,Euthyroid_Normal
3.1942984421421268,1.1226599699588429,4.7300923372903325,19.745098602513416,Hashimotos_Hypothyroidism
0.22350153611990958,1.3118771017426925,3.4276834303184187,17.789721849606437,Graves_Hyperthyroidism
1.7236111257977778,1.0718004887763637,2.784591696212484,13.231230349408833,Graves_Hyperthyroidism
0.6062671726941128,1.294600657530481,2.5896873366333857,6.944657242346085,Hashimotos_Hypothyroidism
0.2749834868446045,1.1257897659240481,2.817972714249637,14.81684158781171,Euthyroid_Normal
19.325045507860363,0.3098133734584515,3.2376952921401676,21.950040958558247,Hashimotos_Hypothyroidism
1.634346094581565,0.7242658424724984,1.855349747752924,56.04200656745553,Hashimotos_Hypothyroidism
6.972296577833575,1.042364977711354,3.6914573557350976,3.230384428183206,Euthyroid_Normal
1.234333104032286,0.6161221028635571,3.372305052352995,11.818211763742076,Hashimotos_Hypothyroidism
4.805393674285477,1.339971491998482,3.3745485805663473,82.78028148781993,Graves_Hyperthyroidism
5.9978781358784765,1.712300332937479,3.1507805910477815,7.945210206221644,Graves_Hyperthyroidism
3.8028756955103873,1.5875047406789269,2.8156933261551917,20.976564723377955,Graves_Hyperthyroidism
2.6789979049901413,1.014622851627917,3.3382889887734555,99.99785910183712,Hashimotos_Hypothyroidism
2.2291828167225867,1.6962904547399809,3.273451306993102,8.416513317584938,Graves_Hyperthyroidism
1.8019818671566943,1.1594669828808448,2.516767431247181,4.318043191951981,Graves_Hyperthyroidism
11.14073540252728,0.9651656115527842,2.341118581682479,33.13458417686708,Graves_Hyperthyroidism
7.457549698795551,0.8546389345836242,2.881485036209589,18.006868796389462,Graves_Hyperthyroidism
14.083340835545906,0.9790121254047488,4.03921612119615,41.437849664063584,Graves_Hyperthyroidism
0.5574598757116433,0.9447292725835086,1.808714339476879,81.43228290865643,Graves_Hyperthyroidism
5.5127157265341316,1.1681664889501953,1.6259797873980477,7.375633156735948,Hashimotos_Hypothyroidism
11.701734514097211,1.164229592419946,2.9318086729892134,43.45832207681815,Graves_Hyperthyroidism
0.8398144007433503,1.1012184080613658,2.8407101614848145,35.21129218640965,Graves_Hyperthyroidism
0.28900333338448686,1.27477526789854,2.9386733314963265,7.778847340567875,Euthyroid_Normal
5.675851243392213,1.5762585099145368,2.9951625583268,48.908105387595164,Hashimotos_Hypothyroidism
3.588594005634413,1.4798216541765297,2.621438196292156,15.985504728562223,Hashimotos_Hypothyroidism
7.745123993550207,0.5060408126200386,3.9918907508816655,33.45535548474945,Hashimotos_Hypothyroidism
0.6323446349396089,0.0784315460392181,1.5192768172187874,4.2927290955054005,Hashimotos_Hypothyroidism
6.661410466333846,1.4737279644957095,2.137202380175803,30.77080857529958,Graves_Hyperthyroidism
0.9457550468814964,0.5532485206338317,2.717396191880762,18.297568147735685,Graves_Hyperthyroidism
0.7506038356551756,1.0100938392429266,1.4854489510766662,86.4057830572241,Euthyroid_Normal
0.753667557551793,0.6319547895762563,2.659316476454343,2.933321887280849,Euthyroid_Normal
7.077433786768837,0.37920782496799216,4.129176132582415,27.11644018475361,Hashimotos_Hypothyroidism
4.59569728386707,1.3165850912819153,2.8167091906367694,30.664278999475176,Euthyroid_Normal
3.1095790166533863,1.4036620641210589,2.984560724574947,64.55031385964183,Euthyroid_Normal
1.8667378870478863,0.8693958397093123,1.7918681878619356,42.699560978241365,Hashimotos_Hypothyroidism
8.808251202636196,0.06358308314203608,2.306910873568418,55.01253208091015,Hashimotos_Hypothyroidism
2.092913548729269,0.881502220699007,2.49984289574085,75.04022719200142,Euthyroid_Normal
7.123547183961893,1.2567216021610188,2.5458279225950124,99.09867500789174,Graves_Hyperthyroidism
2.4287545006782976,0.5084353724903486,3.825315036003015,18.834808803283202,Euthyroid_Normal
1.987102176434496,1.1733439679116624,3.2461528485800994,38.611976745870344,Euthyroid_Normal
2.6088764515783307,1.0938760603308018,1.9108336344503742,91.6628591119818,Graves_Hyperthyroidism
1.5063101568086967,1.3317165998404354,2.997203822745604,227.5868312642863,Graves_Hyperthyroidism
5.782464714335146,1.1478321473656614,3.1985773987974278,110.14572669368903,Hashimotos_Hypothyroidism
2.9341318259215035,0.7107724236473779,3.712119230817013,23.218358210038936,Hashimotos_Hypothyroidism
1.109818630187674,1.5786286006657966,4.064432549254699,10.85599383242565,Euthyroid_Normal
9.65302736811245,1.0365881707892122,1.987924646537705,33.60770794699878,Graves_Hyperthyroidism
2.0341933179065874,1.0890781841960273,2.151313991031729,67.6703468632035,Hashimotos_Hypothyroidism
3.2939860051466066,0.7266928163707217,1.7939377128683067,33.919733866756935,Euthyroid_Normal
9.951881556580432,0.922687099523396,2.6127841127144147,33.00311490037453,Graves_Hyperthyroidism
4.110957076200789,0.7460789143892397,3.173086699557067,91.07911543049325,Euthyroid_Normal
0.5221213866026749,1.030821576030631,3.5898676132712812,22.42414582282474,Hashimotos_Hypothyroidism
11.804590072515278,1.7846833920569376,2.7392391810859817,98.23236611522212,Hashimotos_Hypothyroidism
4.14992310152627,0.5512395428274576,2.5441219813961244,26.111588103075068,Graves_Hyperthyroidism
1.7128705253154994,0.4545754408493036,2.9214063937989923,19.892194104343908,Euthyroid_Normal
0.6299026465889884,1.6884681309974436,2.1318856786959812,30.255891287585644,Graves_Hyperthyroidism
6.636005861857122,1.0162705291392535,4.471630977355819,71.86821742735029,Hashimotos_Hypothyroidism
4.06465713176398,0.8323709045360335,1.5138711783055527,6.733861176990653,Hashimotos_Hypothyroidism
3.2021382038059185,1.5159618749584307,2.9477924631165795,10.933877928111208,Euthyroid_Normal
9.42187398825307,0.8577537841052544,4.418884975383712,151.25272562192737,Euthyroid_Normal
6.5267580575235025,1.8304038854187745,2.805439875647998,9.64839911254856,Euthyroid_Normal
0.6908635445306317,1.3711703485357076,2.647968771998804,41.93493406866942,Graves_Hyperthyroidism
1.568962715862362,0.9048354367417191,2.514043661751658,43.293483804911446,Euthyroid_Normal
1.1998123979051194,1.9629232853062015,2.6556866545900735,33.630423765726604,Euthyroid_Normal
5.721945859847328,0.8577140307986647,3.898278779741224,51.74600686113209,Hashimotos_Hypothyroidism
0.1432516674029193,1.396838148803723,1.0305104709363944,13.056987900925895,Hashimotos_Hypothyroidism
3.5435969368218005,1.219717032162597,4.02674696103706,40.222070829147434,Euthyroid_Normal
6.037137606611071,1.6206965157595195,1.6608342780398837,23.274551736404085,Euthyroid_Normal
8.793402846420939,1.7246044786907413,2.586678136612468,54.186271438724155,Hashimotos_Hypothyroidism
1.7584332928893895,1.1128016596263068,2.4566044637610704,7.612331381052286,Euthyroid_Normal
7.231593446872213,0.7986328518615267,3.2708426158165755,42.300632961878144,Graves_Hyperthyroidism
0.49242431741486486,1.2839888571756466,1.5215005184930017,10.244947258534951,Graves_Hyperthyroidism
7.869724620289088,0.8289138520991576,3.1697381328655543,16.331060305257065,Graves_Hyperthyroidism
0.5727944482178976,1.9053548990106493,4.419447698629482,12.340431183475278,Euthyroid_Normal
2.1265214510814303,1.154614132433095,1.7094607963257513,10.09588239898087,Hashimotos_Hypothyroidism
6.703222525971258,0.9538713794751567,2.9517649340883163,87.35200800517579,Euthyroid_Normal
0.6821715176657479,1.1738721223459634,2.2704142577627127,16.823141569534435,Euthyroid_Normal
1.093650694267954,0.5611494841881215,3.1407097649544284,130.94964595202688,Hashimotos_Hypothyroidism
5.380381010108603,0.7113543845957394,2.8153182219326016,175.2055868226091,Hashimotos_Hypothyroidism
5.347003922365118,1.5801655631777702,2.286810472764552,42.34528502392569,Hashimotos_Hypothyroidism
4.304345676697041,0.8372422884114418,3.1902978278968592,7.715933519011431,Graves_Hyperthyroidism
4.972807178167991,0.6812356069272242,4.243478487829394,23.464053987741575,Euthyroid_Normal
3.2863702250216806,1.3146611010109146,2.647276966618161,79.90815151086437,Hashimotos_Hypothyroidism
1.2183515368895217,1.574281661865199,3.3758063537185454,22.89511561743342,Euthyroid_Normal
1.7815694139317064,1.3875813242660269,1.7653816337030688,4.551912880210078,Graves_Hyperthyroidism
0.8416853529694337,1.4984190743223267,2.0348508985455926,40.68500491944789,Graves_Hyperthyroidism
10.041679785159337,0.7972819645722158,3.1779250223043016,93.25550766240666,Hashimotos_Hypothyroidism
3.677558029473714,0.5312757333032626,3.987292822828772,79.4637251445945,Hashimotos_Hypothyroidism
2.151431769811894,1.700533460782195,3.084490679028528,9.62605822760085,Euthyroid_Normal
2.603611526548886,0.9709280644631458,2.549553575581476,55.85377667199042,Hashimotos_Hypothyroidism
12.359859695388288,0.9996667934179811,2.799433124338683,12.455402997422892,Euthyroid_Normal
0.6991721105397029,1.6312776567396232,1.7996738128242258,12.308298155587217,Hashimotos_Hypothyroidism
3.706267358255927,1.322492003760264,3.283612261084293,103.60215818686788,Euthyroid_Normal
2.960976651331345,1.2823551088326433,3.5058664498587273,14.362038674606604,Euthyroid_Normal
3.9704461356129057,1.9660009379604337,2.4383277337335354,15.275152788324526,Euthyroid_Normal
0.07675995770728838,0.8425927078479428,2.423966281792399,0.03268021570351846,Euthyroid_Normal
8.638112794670926,1.471136051232495,3.0127025837216386,102.26902666443611,Graves_Hyperthyroidism
11.297951854103259,1.122805249958834,2.4506242111675234,78.65404874322917,Euthyroid_Normal
3.4974049485622705,1.207436911545303,2.747093908299342,49.35295559612934,Hashimotos_Hypothyroidism
5.010057110209025,1.7113873705650129,4.479777431333212,69.36789911598987,Graves_Hyperthyroidism
10.741371302951631,1.3031343025158495,2.6023794394032023,8.246595886831491,Graves_Hyperthyroidism
