age,hypertension,heart_disease,avg_glucose_level,bmi,stroke
63,0,0,163.88623968005302,30.60898732460107,0
76,0,0,85.63466743629075,26.063493843289386,0
53,0,0,143.66490246717285,32.06583813090008,0
39,0,0,70.54019303487222,32.74300816397034,0
67,0,0,183.83056081248608,18.596025078852833,0
32,1,0,137.4610111452848,30.27008317364358,0
45,0,0,170.37910662905003,36.2087788462532,0
63,1,0,133.52211816828185,25.862258232371293,0
82,1,0,123.67146122052766,24.552718143196724,0
43,0,0,137.75265291700714,25.480819233482084,0
47,1,0,105.224338782604,18.970744043025242,0
35,0,0,53.37581330545872,28.755903726693465,1
35,0,0,125.65897712633773,28.179792640583507,0
48,0,0,83.55738328900858,29.182160997263807,0
77,1,1,71.44183296172092,30.49585972730681,0
60,0,0,132.27026089535136,23.21203958691114,0
64,1,0,100.23120337851071,29.639195194132263,0
48,1,0,145.96965423119914,30.65919195949438,0
27,0,0,82.38707309343255,25.069649615097806,0
46,1,0,93.52098582201607,30.520707989511838,1
77,0,1,150.26036092054878,28.48423975832045,0
26,0,0,119.79449313491631,24.21286138333972,0
48,0,0,58.29351856828511,29.69673217890206,0
68,0,0,119.02163090010389,26.255735539880682,0
54,0,0,161.84334920060812,32.18239164408632,0
62,0,0,93.24978943824865,26.565001719585773,0
26,0,0,130.9320193758518,20.26140650940964,0
84,1,0,80.27145796954332,29.601921913165906,0
45,0,1,105.21258537606998,29.376419486988606,0
57,0,0,148.14424377576518,21.51317732321403,1
36,0,0,117.67310837142408,32.503216692611836,0
82,1,0,155.12444519504726,32.18932501681287,0
46,0,0,124.88558414797515,22.78011884515055,1
68,1,0,187.65588870202947,24.042242193640533,0
49,1,0,55.22803207732557,27.147954321822837,0
73,0,0,102.39823274786623,23.446887213774172,0
51,0,0,72.0413172347782,31.842383109470067,0
83,0,0,74.43127889396128,28.89383169596326,0
66,0,0,74.7485707167886,21.438657124670584,0
52,0,0,115.87040377179271,23.06517452290426,0
84,0,0,117.92053271876534,35.12631506299841,0
40,0,0,124.96095737482906,37.21337426749249,0
39,0,0,70.69288039494069,31.23237385631505,0
71,0,0,98.65213133505983,26.732348469098117,0
75,0,0,76.24968760852711,25.36022252556054,0
68,0,0,142.75585446951007,31.29819650986603,0
79,0,0,79.54063574366593,28.45552320555692,0
76,0,0,102.52007468014415,18.33957131551374,0
81,0,0,129.6107254463087,34.19120789520898,0
27,0,0,88.45299639258523,36.074819604177215,0
61,1,0,134.28574557432287,32.423515197659185,0
75,0,1,165.8627907436602,21.45033283223075,0
31,1,0,116.63991050539339,24.17904130165996,0
45,0,0,141.55638200989424,16.853680831853733,0
33,0,0,37.4302688872266,37.576290948373334,0
63,1,0,94.98318256032523,25.85956862044583,0
42,0,0,116.47152859251419,41.9997359298987,1
28,0,0,73.14622225598926,39.73138018544667,0
49,0,0,117.26772673914321,22.57944150178634,0
84,0,0,147.09791946207028,23.75039356358192,0
38,0,0,44.215378019649236,30.79714205408272,0
74,0,0,68.38244969686534,17.472747376802378,0
82,1,0,116.46846447674649,25.37044529572863,0
33,0,0,126.11469053040167,24.77104599275963,0
50,0,0,135.83281312183777,39.10699565168025,0
77,0,0,113.88113176107187,28.966107313026733,0
26,0,0,126.15293417555331,26.291398134776824,0
44,0,0,141.62182479892383,24.211091603888192,0
52,0,0,95.49396643803858,33.36429758394876,0
71,0,0,88.69948698977527,25.01973505641755,0
84,0,0,104.1022679172796,27.698302153825,0
31,0,0,116.98207797970946,24.165258865168212,0
68,0,0,86.96042948795386,18.894777207907634,0
32,1,0,96.21849392343758,22.023789233784015,0
71,0,1,123.91956196775536,24.98816975581184,0
59,0,0,115.52127733604003,26.420471018418226,0
38,1,0,103.51320070144847,26.683456444458955,0
41,0,0,49.06257414780728,27.466481796887425,0
60,1,0,109.87722027970109,25.067874219093945,0
74,0,1,76.04986113718351,36.09475808901044,0
64,1,0,144.40789468220652,33.68790471914189,0
28,0,0,99.19475963525224,27.18934439685497,0
26,0,0,75.13187803221179,29.525549678445977,0
30,0,0,107.8459854141983,25.76747055128227,0
78,0,0,154.47448547822668,10.939088247689348,1
66,0,0,132.07855472006167,28.12295807755615,1
28,0,0,117.69710027120769,29.833686167507295,0
78,1,0,63.58667293336003,18.324029451758637,0
53,0,1,166.75600349182125,30.996466415167617,0
42,0,0,88.24304890874339,26.316539932331146,0
50,1,0,142.682436950532,30.027602323807972,0
68,0,0,98.61229925770047,26.497608115779485,1
58,0,1,139.31277553691336,35.505726845361096,0
34,0,0,155.7405933556346,29.35737292350452,1
60,0,0,132.68480444676368,34.01449875203204,0
38,0,0,136.4549235915979,34.50835685304967,0
55,0,0,106.55463548455288,21.28266564346954,0
72,1,0,94.81118502745161,23.565898779873116,0
39,0,0,114.84045414250336,30.709664096357535,0
32,0,0,98.10299229807741,25.806776297450966,0
38,0,0,196.3521298784372,26.568359384462227,0
47,0,1,75.26745997283201,35.71938893302366,0
84,0,0,145.07298258066433,26.137801730847578,0
81,0,0,128.1018892088655,22.186423910508505,0
64,0,0,118.04552728433782,22.99719999018643,0
45,0,0,161.79601349698441,41.09413900715621,0
40,0,0,120.44321084104126,26.930683117688577,1
69,0,0,87.77825780901547,19.81451346869254,0
42,0,0,120.21056320386928,17.383248428100433,0
71,0,0,103.58876058831699,24.252180143955318,0
77,0,0,127.61496340858271,26.8208672834357,0
48,0,0,138.45757710703245,33.69504223856604,0
50,0,0,79.93192201725756,33.1140709987706,0
49,1,0,151.83676413009854,27.961921473562988,0
84,0,0,101.07850542960394,25.274988483042467,0
84,0,1,125.52648729387624,30.03761112053014,0
84,0,1,131.59605596122438,17.507523543181673,1
69,0,0,122.85860417207206,39.886485363575304,1
65,1,0,106.18120188216008,31.924633575139666,0
53,0,0,92.89908463025675,33.201941318369634,0
39,0,0,100.58519224438305,21.555079708740337,0
69,0,0,164.7810176385107,35.69589184777958,0
25,0,0,79.69467470048293,25.23989703384223,0
49,1,0,84.82648317129619,22.28465126308862,0
31,0,0,83.28979118997,27.764965776362683,1
33,1,0,114.75138579711827,27.624669484069756,1
48,0,0,56.63530925042679,21.52877756492802,0
25,1,0,62.62540503529623,22.63037587875181,0
68,0,0,100.86658084642598,22.1606093480317,0
32,0,0,64.92785941456168,22.217709592859052,0
48,0,0,67.78050417510194,25.671412557402398,0
35,1,0,65.19060567229712,19.66608918296525,0
75,1,0,80.36859018033348,23.851753015516387,0
41,0,0,135.59362773346422,34.27080729030561,0
32,1,0,143.44977846423788,32.9398567126251,0
59,0,0,177.1650312626512,21.70072455464347,0
59,1,1,175.88266504797176,33.7492295037654,0
57,0,0,137.52094484581565,16.201364385183705,0
83,0,1,145.96871861803612,42.57486593207292,0
29,1,0,114.58857317400714,35.801879152813555,0
66,0,0,128.19526982042942,24.64160852715936,0
63,0,0,178.02610668641094,30.29455937041066,0
82,0,0,122.99245038198906,19.594484031345225,1
65,1,0,150.3633502490834,28.362656739554883,0
52,0,1,77.29769369975212,26.8980218049852,0
31,1,0,86.68164465096204,22.991419663645626,0
33,0,0,120.92243592282387,25.188655082044846,0
32,0,1,115.24760845221869,24.598075145143437,0
36,0,0,88.30230344082864,21.209579684094187,1
58,0,0,194.25821543759267,22.85111652462002,0
57,0,0,116.04079363702031,19.348933444001723,0
72,1,0,94.50462317353684,33.143984593363705,0
79,0,0,115.30665895762206,22.407323521262388,0
47,0,0,110.88993459140721,20.667874770579076,0
48,1,0,116.57308917618809,33.04902807889598,0
61,0,0,54.21990446271385,30.21772212603598,0
59,0,0,155.2181343798403,32.82700633569375,0
68,0,0,157.20902971537026,33.49649934517993,0
64,0,1,161.461227021277,39.624729381630544,0
46,0,1,121.39011154877042,27.063761399840892,1
51,0,0,133.18683710575806,19.254353926026955,0
59,0,1,79.68205681974625,29.626226804572752,0
25,0,0,139.15147650090864,23.985972262721095,0
59,0,0,118.81256974128786,22.254968300106757,0
61,0,0,93.88576845262652,28.599551033303445,0
71,0,0,140.26606420742942,33.19451639805754,0
38,0,0,141.6207162631885,22.9840309504223,0
27,0,0,112.12130924862265,35.64632852399031,0
25,0,0,125.34339030449411,22.062316245983105,0
29,1,0,73.88990458232539,26.536580672047222,0
50,0,0,153.51142030250253,30.317847290685208,0
79,1,0,78.54153841877844,25.67260474789565,0
38,0,0,85.31010231722884,17.343985966368777,1
63,0,0,112.18104759006879,33.56444495073283,0
51,1,0,149.00806994764608,24.259213957863835,0
33,1,0,148.98820216254813,32.469390696362154,0
39,0,0,109.83113823332044,20.41513518983403,0
39,0,0,137.0554676788834,21.43938050742153,0
50,1,0,50.882954273488636,33.17460045733214,1
66,0,0,84.82380034546566,30.043048556452142,0
84,0,0,85.53673461877396,25.36848573589194,0
37,1,0,153.82745184159361,30.130189589025026,0
75,1,0,132.91289570178026,22.275765186733853,0
56,1,0,116.46284715666103,28.661554704933454,0
63,1,0,119.86072723402809,28.771323540340394,0
73,1,0,164.89187466105435,25.757310368853826,0
76,0,0,104.04371167227069,22.988285766455448,0
56,0,0,64.00764420130861,28.42149146928876,0
28,0,0,148.05183145383566,27.670113140194612,0
54,1,0,116.36436630217713,25.205067526482345,0
61,0,0,143.37850873580234,21.7971131789155,0
47,0,0,108.43323174147223,28.074862296012803,0
63,0,0,80.64586667036374,25.220065810980365,0
69,0,0,124.09876023790419,21.7920542773784,0
39,0,0,110.35612747595006,28.26117886454867,0
67,1,0,116.47297990060434,37.649832832332315,0
53,0,0,166.57996729410957,25.799034004557534,0
60,0,0,71.5454132915355,36.98665924745214,1
37,0,1,120.00715311665938,40.68599028838057,0
56,0,0,81.3351158444463,22.27948658573395,0
31,0,0,19.33089094079797,28.054265249193787,0
83,0,0,108.28621838422217,40.622391506897856,0
75,0,0,111.08580279499324,27.273520231545735,0
46,0,0,131.82327360327656,28.2208728745924,0
52,0,0,102.38607379956197,17.97996715375065,0
26,0,0,57.88498757066098,24.810028598081992,0
66,0,0,81.2148947960798,31.33353210801362,0
69,0,0,156.09355928403463,42.5756958577075,0
81,0,0,80.7180224748279,26.823958999169857,0
77,0,0,165.41289353923773,18.024242066491873,0
30,0,0,146.74945023999842,19.568504855360146,0
52,1,0,98.87767884823757,27.785261884370218,0
52,0,0,84.48222929140553,35.06324078831349,0
68,0,0,146.67695391957025,31.82412209725237,1
68,0,0,101.5681064217233,30.761535181060758,0
44,1,0,55.902245110501454,35.854866321505575,0
54,1,0,129.68108172181402,23.678625474886292,0
35,0,0,124.60422067503652,28.11456831974539,0
82,1,0,149.81971709501724,24.87770727878563,0
79,0,0,122.23582497761039,26.37126558728756,0
52,0,1,90.77985580339988,21.96238387404709,0
49,0,0,154.4387593860747,25.936143571397224,1
63,0,0,157.84466514375953,27.833706602527606,0
57,1,0,118.16220873948227,25.771171000830698,0
25,0,0,112.11126700865402,27.033630981917188,0
81,0,1,63.685514191321325,30.43024326062312,0
51,0,0,88.73657801787333,35.4321746143864,0
81,0,1,136.62693746857738,35.866935208675585,0
76,0,0,90.49518948730548,32.568530604381955,0
37,0,0,59.01067457123371,20.440111129370106,1
65,0,0,232.35572263600346,25.83754008658088,0
27,0,1,58.7807914550659,26.354289815724393,0
63,0,0,188.9862988751941,24.057101015268614,1
30,1,0,99.2401794390609,30.05410707417764,0
32,0,0,107.04029502996671,18.434029040311252,0
51,0,1,86.47026047343404,38.16139881716975,1
33,0,0,137.3993007658262,35.17132402913029,0
61,0,0,59.60790254114705,30.869213571410548,1
57,0,0,45.58848373180398,27.62734402047889,0
75,1,0,166.35600352825122,35.37303577043532,0
66,1,0,81.86096604175577,32.136429620681604,1
68,0,0,136.11308418388896,34.63982670530856,0
48,0,0,72.00903730863244,27.64568750644096,0
39,0,1,134.79473650131038,38.73587851518501,0
83,0,0,168.92412745724576,35.001327254139134,1
78,0,1,91.55075151047093,31.057217772615587,0
56,1,0,42.32956126249066,35.53583752258693,0
56,0,1,169.10778696584669,25.485028348996167,0
48,0,0,142.4185512533712,20.99499784391784,0
65,0,0,93.42500681800422,29.929303078284853,0
76,0,0,102.37167813559739,27.657457325119186,0
73,0,0,71.127173131261,26.813695946334224,0
73,0,0,159.7089926354686,35.29787223609642,0
82,1,0,91.28495372662742,29.00283527926378,0
76,1,0,60.34520118583843,29.581414441212907,0
36,0,0,117.4776058529365,26.037684647475423,0
63,0,0,79.8995323447511,33.286738835677156,0
26,1,0,73.94948984479122,32.211254687847514,0
27,0,0,94.94652786833191,33.241958061365764,0
73,0,1,113.02243604251298,25.016416200182928,0
61,0,1,61.661158542983856,35.82453076028197,0
73,0,1,158.48021238243132,39.032610542598235,0
80,1,0,133.70058992230256,33.052230383948235,0
41,1,0,97.2122953229544,23.144270276534254,0
83,0,0,78.38297797960507,23.18678629458279,1
73,0,0,106.87710914791676,25.747738266441473,0
26,0,0,141.48022642645026,24.613736715888873,0
26,0,0,136.06044095198877,27.573444245876413,0
52,1,0,147.04765051579122,31.794654798207084,1
78,0,0,93.18678781568873,29.73971464449909,0
47,0,0,7.627618728116303,29.213734338317735,0
61,0,1,153.67339192706865,26.552783501199123,0
56,0,0,104.14813499246767,27.556924437012704,0
57,0,0,133.31581229150817,32.77945304517401,0
25,0,1,168.42300641241056,15.928251835001111,0
43,0,0,195.20430216331886,27.93165754912761,0
26,1,0,87.25624826507128,29.72792556956395,1
77,0,0,114.68859675079756,32.70149841128376,0
68,0,0,157.8392761211906,21.939724364297053,1
50,0,0,80.45023435169514,21.622541905281288,0
56,1,1,89.62609421733502,31.5037299692688,0
30,1,0,89.41864975393938,16.573286558458506,0
56,0,1,109.01683903071923,35.993134664564714,0
79,0,0,102.29567118985105,29.359551948956863,0
28,1,0,89.21716372102864,37.352327277060624,0
79,0,0,76.19849045378093,21.47756574058292,0
35,0,0,138.41791149383522,25.381843187690556,0
80,1,0,156.8240857338141,13.552790038438687,0
83,0,1,161.89501779603452,23.225861422028345,0
41,0,0,93.16242549154305,26.896918715668725,0
62,0,0,139.8803635290047,16.22375451994938,0
48,0,0,118.27140659547214,25.632239126809605,0
29,0,0,90.0265027985336,16.075958938838532,0
76,1,0,135.69763765478686,26.455238890531447,0
58,0,0,88.41882310840761,34.88267156264942,1
30,0,0,96.8338189026409,27.790121499315262,0
46,0,0,61.81446041237296,37.94924423567082,0
35,0,0,93.75226158983709,32.717755380367656,0
72,1,0,118.88514231551046,36.08888709164183,0
40,0,0,164.91270734871233,23.4103285547303,0
57,0,0,97.62765938294096,23.265150229644387,0
33,1,1,73.66407985195731,30.07368049831221,0
84,0,0,162.40791398269437,18.533787450202844,0
83,0,0,92.34066470205238,30.82686249857254,0
30,0,0,48.80664203506973,26.056481100718422,0
40,0,1,114.65828072978744,35.97998102527994,0
53,0,0,98.63292843522886,32.07707352447646,0
27,0,0,190.51384749398102,34.580238582040764,0
44,1,1,126.63781120215242,23.474763511629718,0
84,0,0,104.87801762208073,34.28926161257037,0
83,0,0,77.64259767605388,36.6682749661857,0
60,0,0,121.55583944175386,27.767717059717956,0
43,0,0,160.9848482521628,23.56389628380107,0
50,1,1,120.91349642170411,23.669276792593543,0
27,0,0,80.3399607758719,35.43407795209579,0
43,0,0,128.85821741131838,44.106074454539865,0
44,0,0,108.29875867945145,22.110129578948666,0
56,0,0,125.70145861613568,21.648879699744636,1
31,0,0,97.58174274355228,33.52848508404687,0
76,0,0,96.75966540085757,23.476518823800134,0
65,0,0,95.3777070898877,34.11013230536962,0
57,1,0,142.97833530240766,30.792077041159875,0
64,0,0,97.1121153665618,27.856136185012218,0
63,0,0,93.90942440190206,30.647629207130127,0
42,0,0,77.02769344531717,30.281190214920365,0
64,1,0,125.89048306008686,26.922361013282945,0
25,0,1,120.90956307459265,17.461833810169033,0
35,1,0,94.29311214289791,29.07190437153421,0
52,0,0,85.17174523547487,37.438362196384986,0
81,1,0,175.66606946296992,18.347388020772858,0
49,1,0,44.18449307063067,22.205289879166333,0
74,1,0,127.26102011206024,30.560961848596065,1
47,1,0,155.1991241875603,28.231551176393683,0
55,0,0,-8.538481652090518,30.467092957505738,0
54,0,0,137.79490210266627,23.80409075303403,0
66,0,0,102.29108894763691,34.974749719553834,0
59,0,0,118.96192024991407,28.281403394141265,0
31,0,0,98.68667124172686,32.18191313405834,0
84,0,1,147.6387705976127,29.921664465826577,0
40,0,0,122.70917695849751,29.052969807765955,0
50,0,0,114.61019613370105,31.76100194216878,0
72,1,0,78.53987875644924,29.118927723801704,0
81,0,0,175.8802281841966,20.858805831426928,1
76,0,0,110.34758569066449,34.52414095429579,0
84,1,1,190.14320291111605,32.9087637174891,0
73,1,0,177.46492848123683,15.358897651853141,0
26,0,0,47.757716145711676,24.074798290745935,0
25,1,1,87.07689137190584,34.25416277495684,0
72,1,0,73.70671479087703,17.038428721133,0
36,1,0,108.31278714795282,33.66140129140447,0
29,0,0,116.55074071701567,27.152664786074496,0
61,0,0,118.04742637627007,36.04169542200395,0
56,0,0,146.89450366066427,27.993119265547218,0
83,0,0,162.27539692581044,23.667592042026236,0
79,0,0,143.86207122335236,29.848513964554844,0
33,0,0,90.36726750216887,27.81768706294008,0
65,1,0,82.62916472123962,23.134893195155914,0
59,0,0,110.09666425593778,41.310060898068315,0
43,1,0,124.91418342416316,22.173410910494113,1
72,0,0,103.58830289990073,14.542267749641237,0
40,0,0,62.90803073117222,37.490193808728954,0
27,1,0,133.87208280018802,24.49861916610444,0
44,0,0,96.26898309431337,26.219360434205825,0
48,0,0,95.21205429522848,25.852563612225794,0
78,1,0,108.08855640796675,24.582091395050043,0
80,0,0,101.60353790219435,23.402845172419326,1
57,0,0,97.17246305707644,22.019096185018213,0
48,1,0,65.19561425733836,28.388558570227396,0
76,0,0,106.07133865669195,25.58807465394619,0
35,1,0,134.60338271674036,32.38217314200368,0
73,0,0,119.26254017924512,30.896164309696925,0
32,1,0,143.18425036852256,22.434926838847574,0
60,0,0,84.50092421879977,28.651127656434138,0
62,1,0,65.26795323087694,25.492970055271883,0
64,1,0,101.39525073577012,22.050037344198003,0
44,0,0,88.5017183507956,32.1365894230908,0
59,0,0,92.13827558772883,27.27204832414981,0
72,1,0,117.41124013283945,25.554699878977125,0
49,0,0,92.39218113133705,22.866596581460325,0
59,0,0,66.2476028777762,21.832379433559968,0
49,0,0,90.43518452413007,39.93260814348728,0
53,0,0,121.90207784012806,30.00471189777998,0
42,0,1,133.5018210352421,21.4532257767831,0
70,0,0,133.14979744291713,29.727195389936877,0
42,0,0,124.85655829867683,34.37209706077323,0
26,0,0,104.11672869121645,29.005105675180253,0
78,0,0,124.17199346356954,36.24412805279874,0
59,0,0,108.5182519630617,18.743121147580197,0
40,0,0,113.95836482370831,16.052067715718735,0
65,1,0,77.1235641746921,29.56310453112252,0
60,0,0,111.53562373162504,29.6589768602433,0
57,0,0,123.2533181987994,7.962998930474547,0
28,1,0,121.9394559703898,24.258543452787908,0
57,0,0,64.93683408792455,21.94802611369927,0
38,1,0,113.36912717411839,19.64832255578106,0
45,0,0,59.46386478876303,21.933749412341136,0
72,0,0,116.07868261484842,31.574726809596157,0
44,0,0,85.453198293905,21.89556987226175,1
80,0,1,169.69750298839057,22.10126719250895,0
32,0,0,114.17351652535615,18.287168146853926,0
31,0,0,138.04074069383728,35.61345785509496,0
27,0,0,183.88054229584978,30.607794192823807,0
41,0,0,81.39093661189476,13.045862782582592,0
57,0,0,125.2486218817069,22.10655952466088,0
72,0,0,68.49311467685038,31.171107306369557,0
36,0,0,122.07139528874717,35.68835529389702,0
83,0,0,171.79982432576412,33.04503255619994,1
75,0,0,88.02408749453737,25.865902538452687,1
46,0,0,78.99159903468914,16.41173883524177,0
79,1,0,106.80890182685029,33.221493963467864,0
46,0,0,181.60360508309,26.218618892076975,0
70,1,0,136.98636219836393,28.41317208769042,0
54,0,0,78.32798717803963,26.93547737074902,0
62,0,0,160.92712038686193,19.866823002542393,0
62,1,0,52.07279526833846,30.185501273337934,0
69,0,0,184.77956950809536,29.35875418668068,0
75,0,0,139.97577380053056,25.44526694251121,0
78,1,1,171.72451040023512,30.826634799174922,0
32,0,0,52.32706620655877,19.756002715460163,0
51,1,0,115.93046408008902,26.385983344701348,0
51,0,1,105.31388757019995,28.156764837614734,0
58,1,0,74.75571842936756,17.590434207189624,0
45,0,0,64.63917329120127,27.65742033498368,0
54,0,1,127.74784405658421,32.40187088008778,0
57,1,0,130.92060978397683,26.180614455742795,0
52,0,0,155.49909163540136,27.795310584913935,0
71,1,0,92.38026313356092,31.374064235405,0
57,0,0,105.04365664454664,25.673199346802363,0
29,0,0,61.613902626886784,26.213215602734266,1
84,0,1,163.92750341981622,20.939778912805195,0
72,0,0,112.43418307150351,27.910379336075408,0
43,0,0,135.2905975567037,25.99090909837132,0
28,1,1,136.52668886388543,30.994538770319938,0
59,1,0,161.06875050556923,31.380759725099434,0
73,1,0,80.90101864563913,32.74725423407729,0
41,0,0,134.41553101215123,24.950437894629214,0
68,0,0,109.12469527918354,14.940513486255306,0
52,0,0,183.69869732192208,32.44983847878865,0
54,0,1,80.7972537351394,30.586725784584456,0
53,0,0,150.99992217173553,24.18825037188346,0
70,0,0,122.2619622729939,31.329641197404023,1
77,0,0,120.42496329721074,19.30846118490255,0
30,0,1,111.89072541166215,34.18144127722165,0
59,0,1,157.13330379928755,25.9982526892357,0
84,0,0,119.23480953758771,23.026434321970626,0
65,0,0,56.645463165765804,24.269790662566674,0
61,0,0,152.6826249049286,26.611090083998725,0
48,1,0,146.26706412461027,27.92792756020322,0
53,0,0,130.54981894744967,28.28968168239644,0
73,0,0,70.50342295883587,25.422355336251258,0
70,0,1,75.9409623922538,29.201437440768874,0
77,1,0,44.28949901673619,28.0496756460006,0
55,1,0,126.11154556129348,24.114562026553607,0
59,1,0,62.765790313897064,23.210856253472414,0
84,0,0,49.843718749824234,31.650193257369025,0
57,0,0,154.62461917550152,31.145956215987432,0
76,0,0,136.88628475619964,28.34281813096758,1
45,1,0,98.33899173091756,33.545172795941205,0
56,1,0,105.30836958599816,16.23203406299419,0
47,0,1,25.742952755562026,24.61363215095978,0
57,1,0,142.0860721670727,21.062097325992134,0
27,0,0,85.75439874289606,41.537633590827106,0
42,0,0,121.56018020965993,32.27931892237592,0
49,1,0,22.90032083729806,27.525628098050344,0
66,1,0,144.2148811256541,32.70994347307694,1
55,0,1,83.65043307149966,34.69765398253069,0
78,0,0,61.8385207673726,34.633790149144424,0
82,0,0,98.11394279290715,33.53022091060212,0
27,0,0,89.12616737225802,26.42475806030763,0
64,0,0,147.59936645184533,24.991807483096288,0
70,0,0,95.28617071734305,22.22686492011589,0
48,1,0,157.69159593146787,31.014683600374045,0
74,0,0,121.55499155261755,27.046385588027313,0
56,0,0,141.3028760524331,25.489173816896823,1
71,0,0,109.92417413702398,25.176031829633185,0
46,0,0,154.52206438189592,36.70115578380813,0
47,0,0,69.62316034010634,33.71608247705003,0
26,0,1,113.97685601230144,38.982363136768996,1
51,0,0,96.12474596990047,31.17409779935265,0
66,0,0,158.88199678275592,28.341726641529387,0
26,1,0,162.4662041630799,27.84758529553045,0
50,0,0,110.01474407329914,21.878190716431163,1
41,0,0,64.79711146164682,20.431486049491596,0
64,0,1,124.94840608770836,31.04404613135725,0
57,0,0,51.73865927381817,22.39192773710047,0
33,0,0,166.9149979574089,29.268746523203415,0
67,0,0,93.43904752773865,34.69280009857127,0
78,0,0,108.93004428038766,24.00727640181462,0
72,0,0,86.1667123467636,40.06288980754947,0
63,0,1,78.43764446547128,22.055829274335405,1
53,1,1,135.80519607914684,33.941168538939074,0
66,0,0,104.44841630320374,30.548537086794173,0
79,0,0,111.48688886231113,35.16457149967691,0
50,0,0,74.86381222734062,21.302814331841862,0
59,0,0,139.96207282239638,41.84212550172167,0
74,1,0,143.52264072979034,26.927349497302565,0
49,0,0,102.6875029592148,32.05988763579569,0
48,0,0,154.37727466661605,36.666924933679006,0
37,0,1,106.35565460214171,24.372027595028705,0
84,0,0,137.2914423701087,32.95435817768307,0
82,0,0,53.19753467094658,23.371182128671045,0
31,1,0,122.37008032702444,36.38176948274703,0
81,0,0,100.49814863375728,23.438915612627596,0
60,0,0,115.44328490842487,28.231041894974556,0
69,1,0,113.87388419795391,29.83672420607176,0
44,0,0,114.39949377619445,32.70579861833569,0
25,0,0,131.54952552768938,39.81085785055927,0
32,0,0,90.21892289379073,25.288186062313063,0
70,1,0,129.9177740837475,34.832408645641635,0
40,0,0,153.13837090912673,39.82155069180482,0
38,0,0,60.645064825688685,28.994400165189504,0
36,0,0,82.6810965619736,24.699203499278248,0
75,0,1,84.15126010745848,17.61979756338825,1
47,0,0,71.77839701921643,39.299654604466376,0
39,0,0,93.38557806270293,26.533334020453818,0
52,0,0,146.1591480389944,21.991849004616693,1
58,0,0,160.66554235793498,19.850019494741424,0
26,0,0,113.71612394112758,21.980714857659752,1
56,0,0,98.65173962031298,33.51823175936299,1
47,0,1,138.1023389178231,34.34721116604843,0
46,0,0,27.2611027011737,31.912731228733218,0
75,0,0,73.06875347638946,28.79402696412019,0
49,0,0,28.742935765502963,20.526876462991986,0
82,0,1,72.70050989255954,23.620354324587716,0
46,0,0,83.15438655842999,21.360283535912348,0
82,1,0,161.71886572781872,31.43692603315759,0
82,0,0,13.362831184540362,21.620125126829773,0
46,0,0,95.41540899179832,23.714523333678446,0
73,0,0,131.68482652623376,26.899076542008956,0
76,1,0,124.37557321441827,17.981199081421916,0
66,0,0,161.1608346737213,28.28062858504508,0
30,0,0,115.6368017508806,27.35708271378678,1
39,0,1,123.09973631684008,35.10525487577014,1
78,0,0,45.65226088691075,23.080806729797487,0
67,1,0,75.41058996381169,20.204826890125986,0
84,1,0,47.60533397931917,25.755642102452292,0
61,0,0,130.04128377699348,21.411452239383905,0
57,0,0,122.2041658115036,28.234927550878748,0
32,1,0,120.97382885492304,16.840390829040363,0
77,1,0,79.1498237039674,24.36792757973631,1
84,0,0,75.94675772391672,22.42976998106668,0
68,1,0,117.33064263037461,31.406542462516413,0
68,1,0,86.57148815301028,23.13661174224781,0
29,0,0,74.28584026587171,17.583425448409006,0
63,0,0,92.20637200596761,26.78907941839271,0
28,0,0,86.87402873876421,29.919316841647053,0
30,1,0,79.66469588800413,26.372768840435647,0
69,0,0,67.09812641348393,24.332063324685354,0
56,1,0,125.70414189186174,23.970627396494425,0
76,0,0,164.46173038169698,28.677688194652205,0
54,0,0,108.63485297834711,22.66330750456271,0
71,0,0,117.7851947939475,26.0291021715368,0
59,0,0,128.77322484105963,32.50267942532424,0
79,1,0,122.82980150175926,20.19206152656613,0
64,1,0,80.35806850890573,27.737997881558368,0
76,1,0,170.19461738859047,17.266063523217973,0
40,0,1,83.49413202127137,29.367578020059717,0
37,0,0,132.68309276311433,22.127144735205633,0
74,0,0,128.5566957570019,34.11755087818477,0
84,0,0,41.45454602528768,19.138316142127906,1
66,0,0,97.44037540804783,30.65247422080605,0
54,0,0,111.98199581342595,35.32678647115896,0
43,0,0,114.66029239985001,21.81586359147719,0
41,0,1,120.54971804308684,22.828690426030363,0
80,1,0,136.51820055289915,22.334826133740414,0
43,1,0,109.73696225052277,25.084823869574176,1
52,0,0,122.41161488062804,31.104530795136792,0
82,0,0,108.42658946296659,24.594970396677258,0
79,0,0,74.39332201358293,21.274250648761857,1
50,0,0,111.13405044793859,15.887477760500257,1
61,1,0,136.21814454885742,37.61168503907438,0
50,1,0,148.80759338663776,38.08297378248788,0
77,0,0,128.80604801404715,31.36142223693074,0
47,0,1,156.70226140822547,23.13769783345009,0
33,0,1,124.66026615931432,32.486212690789884,0
36,0,0,140.2357937584093,33.692241504958396,1
77,0,0,142.8086902247925,26.4745112115236,0
25,1,0,102.18273106906925,28.248211263993344,0
82,0,1,135.41012013986838,35.39060937693696,0
82,0,0,77.077428582568,18.15723185766155,0
25,1,0,122.24343198921024,33.990536938733044,0
71,0,0,130.19590393339584,26.14507713186092,0
58,0,0,146.78832922447657,21.324530187933696,0
56,0,1,138.72657563934573,21.818161160233966,0
78,0,1,147.24399641671496,22.81166719288547,0
72,0,0,106.5216884455752,20.739575679392782,0
49,0,0,97.91123958654833,38.628333846334094,0
64,0,0,100.37854347400342,30.94721763100601,0
69,1,0,119.31993056570207,34.38689652165141,0
77,0,0,46.69385445252116,31.374209749700068,0
25,1,0,156.61149396380938,28.367365650821036,0
40,1,0,111.53556759401413,28.44853194019379,0
63,0,0,95.47494461827083,25.614924166540828,0
29,1,1,21.459932628808875,26.105305741358976,0
46,0,0,108.7115272837601,19.55137975712265,1
53,1,0,103.05332197234856,34.49095690624158,0
79,0,1,78.60337492741607,17.120600283981727,0
27,0,0,86.44336042055457,21.648336456824804,0
36,0,0,109.06771744441927,40.07220478576367,0
50,1,1,89.41172391443111,28.81703729838896,1
40,0,1,130.01573231624246,29.066262670181192,0
75,0,0,83.79257439745943,31.824031286606374,0
61,1,0,115.41129503322723,18.757975041271628,0
46,0,0,151.30158790839096,19.63723980117986,0
81,0,0,108.7191448103107,25.33063392070692,0
53,0,1,122.45919933859109,22.57983425471386,0
38,0,0,120.24279855902094,27.550264209943595,0
52,0,0,110.2798914866043,30.913295771812816,0
29,1,0,107.65475003197714,36.33497828722358,1
71,0,0,90.00190224925308,32.866530038737544,1
73,0,0,115.28543016952368,22.034339729866275,0
54,0,0,100.08563719061866,25.75021553231324,0
70,1,1,164.11315588821475,24.11832897250231,0
76,1,0,138.3900140688469,21.900634725925904,0
29,0,0,59.15214364390789,20.534949323933006,1
36,1,0,61.09947006236729,37.98587432634724,0
40,0,0,105.43390458362222,28.0638534593959,0
50,1,0,96.16430828960888,26.654618760371513,0
50,0,0,103.58821286223261,30.90554539956581,0
72,1,0,132.79065112283095,31.20247662244944,1
45,0,0,121.05075646070749,34.712953922238526,1
63,0,0,120.6970230660354,23.538030319799407,0
60,1,0,160.61681329233878,30.41633330123692,0
57,0,0,61.388795603942235,22.532956141895028,1
54,0,0,113.63785919521148,26.859052337567633,1
61,0,0,89.73316082184611,28.340455402972324,0
47,0,0,160.2402525043773,28.926903974314367,0
82,0,0,32.67269379618298,28.661926635083145,0
34,0,0,34.20814450004495,32.81098589526952,0
78,0,0,120.66227037218178,24.418069654145366,0
29,0,1,149.42037957634514,29.09004563742083,0
60,1,0,137.06390124609675,23.4465709628776,1
58,0,0,81.96567223388021,45.524515395315284,0
76,0,0,162.7247602700553,22.522814093418223,0
55,0,1,66.8985937992027,23.796084073932672,0
34,0,0,155.76194663401705,33.29588846207872,0
82,1,0,71.52701123746498,25.423209138993048,0
43,0,0,97.68615396819723,33.29827676620618,0
82,0,0,132.3744338249921,28.91813556235531,0
56,1,0,58.682725918634226,25.580864400677257,0
25,1,0,161.41581891392687,23.483467905251338,0
80,0,1,97.471965900954,23.266980630178764,0
29,1,0,114.80466474874012,25.646073984923547,0
69,1,0,150.67702761642633,26.953622089931212,0
28,0,0,82.24061291914975,23.008712539456756,0
40,1,1,147.12847901893863,27.344605418880732,0
48,0,0,167.41867498123295,21.435308243991955,0
40,0,1,87.05473509346473,32.53540729957811,0
79,0,0,157.92856854087032,33.684174396759786,0
26,0,0,48.379749201543895,23.774048858748813,0
73,1,0,123.63601381780984,23.43896166930868,0
52,1,0,66.99905195036669,29.067500842059236,0
56,0,0,142.98989919876664,35.592196558189386,0
51,0,0,140.11596169477713,36.919981985519044,0
44,0,0,182.70829984569352,19.583543660582396,0
48,0,0,159.74490440333747,34.03782897790914,0
36,0,0,104.19800808394908,27.630679972388833,0
74,0,0,72.13883794454058,27.74686179723679,0
59,1,0,129.79904778842865,31.028274193903364,0
84,0,0,107.87440063650774,25.114255177503317,0
57,1,0,164.29042656084962,34.580203792649826,0
57,0,1,34.17667048044776,36.54377363061884,0
75,0,0,186.58198657510195,36.76770566521142,0
67,0,0,128.61967126641312,16.93651127040832,0
61,0,1,81.54457573978698,26.62205638762942,0
36,1,0,135.6896229596498,16.388616491153456,0
27,0,0,155.40974974513964,23.40831962833995,0
25,1,0,114.00214119562911,13.615006773222053,0
57,0,1,48.227786554930496,30.70159980783692,0
64,1,0,99.7153537278513,29.315857813481045,0
34,0,0,146.37882685647483,25.404393360659405,0
67,1,0,127.38326569795811,23.25311133669819,0
68,1,0,104.52225392076195,29.884189746122022,0
53,0,0,155.79105408120026,21.93146757177342,0
37,0,0,135.8757044291304,21.52322731139604,1
36,1,0,138.57187045784204,20.785502788391746,0
55,1,0,95.62778578067196,26.776954415568106,0
70,0,0,92.24157113888654,24.506154582803422,0
26,0,0,50.501409776094256,25.694571889217976,0
75,1,0,100.92128854219604,31.130852440112392,0
74,1,0,142.73872188293447,33.77977962915699,0
59,1,0,102.85673460445446,36.70288470937531,0
47,1,0,125.59385962851518,28.360821867809754,0
41,0,0,148.8919774828648,30.08553461537662,0
50,0,0,123.04915471295213,29.133078142785482,0
32,0,0,126.46801666162807,17.95488580711658,0
53,0,0,62.4762138286856,25.78181766417348,1
50,0,0,98.7102325564308,25.80941066355602,1
34,0,1,170.43192772738084,24.93512304538233,0
50,1,1,113.63290133836327,27.75436402828697,0
58,0,0,176.3858363698801,26.68311668071403,0
75,0,0,84.69095292763684,22.082039416449653,0
65,0,1,118.18816082470889,27.093844276917682,0
31,0,0,96.60625468568462,24.165697617489815,0
28,0,0,130.71946397935935,12.284543638498647,0
82,0,0,141.32530338210424,19.61758647813722,0
77,0,0,131.0863133495315,28.533485954878472,0
74,0,0,146.46482503118102,34.55134788492466,0
69,0,0,109.53894540171856,13.43678045393041,0
35,0,0,103.33150713177126,22.777650197478057,0
53,0,0,48.46324474534099,30.58872300396856,0
80,1,0,132.34578273075977,33.26917278251901,0
60,0,0,116.02644322840548,25.47931863054389,1
49,1,0,107.62298418531135,23.903305849473583,1
45,1,0,103.32139080909792,35.31826449934116,1
81,0,0,108.70921535296735,32.776556235991414,0
60,0,0,101.7317353975729,33.151710388456095,0
34,0,0,91.51881565028434,25.191615985055527,0
61,0,1,118.3856108253459,34.682165426102074,0
33,0,0,126.94556916265334,16.329587602817732,1
48,0,1,83.03012299648367,34.78738054995408,0
59,0,0,95.97425507844132,27.600807079348662,0
73,0,0,102.83823870572961,28.77360514748689,0
59,0,0,110.16846575818747,22.328484051535135,0
72,0,1,105.51350856449815,17.115841911351097,0
60,0,0,133.0902419879738,28.646224886750385,0
42,0,0,52.167154450366674,31.308367297548383,0
73,0,0,58.373698058095904,32.21615430891259,0
63,1,0,116.77492897387522,31.56867157494752,0
56,0,0,88.9059953260274,30.208970170320747,0
48,0,1,140.94848070208337,22.45728138284224,1
47,0,0,150.94303334059927,32.6048564351202,0
56,0,0,118.18115117480185,21.78626591514803,0
61,1,0,72.48087793040372,34.64238541639081,0
36,0,0,146.91077306794708,27.496108787162964,0
73,0,0,116.96159317526146,27.6957446808071,0
79,1,0,57.95724096155088,33.19555970983061,0
37,1,0,61.05181231771855,34.00881175320483,0
47,1,1,163.09313763980256,32.62383207370083,0
49,0,0,157.28975696414304,23.07725290266599,0
59,0,0,21.89999002663143,32.576017302631314,0
65,0,0,62.477318665974316,23.111262340177312,0
54,0,1,149.92994234675794,32.72740841036595,0
41,0,0,109.35275940624332,19.449020823626412,0
73,0,0,134.56472499222326,27.437919628369812,1
44,0,1,107.83165388656661,23.074653162965973,0
72,0,0,132.90723715249212,33.21961391468815,0
49,0,0,110.20417413329018,34.69100064453408,0
46,1,0,94.68371101350618,29.193979082751596,0
37,1,1,147.05603404701833,28.996654863627306,0
83,0,0,117.07191156089762,32.22506273488681,0
43,0,0,132.83360506852483,34.7266892796947,0
73,1,0,115.51067737362683,28.22386704797297,0
60,0,0,92.97750872575655,25.00194805031212,0
36,1,0,166.29362589750173,31.88360491864293,0
65,0,0,122.4238889165183,16.847635773437972,0
43,0,0,97.57329744697469,33.45790923735296,0
36,1,0,154.74153146115506,23.73887830334973,1
33,0,0,63.7711679142365,26.558632802365306,0
31,0,0,188.26992777785952,33.49630793870987,0
52,1,1,103.72975848178,25.506942901661855,0
38,0,0,65.61950274158183,31.884453271448816,0
55,0,0,176.70794719601477,34.833452524446486,0
76,1,0,93.7891335424523,28.660198540285034,0
43,0,0,118.51355994494695,29.86868893494827,0
82,1,0,135.11917595038122,27.283384756337686,0
71,0,0,151.4460384681051,28.693587982382322,0
40,0,0,120.49210973025475,21.301571320299807,0
77,0,0,87.34396070844869,26.23757148065155,0
29,0,0,117.66473831668974,20.270766358104883,1
59,1,0,95.32395591338975,22.607396652835607,0
36,1,0,118.71540867275833,15.982305875967025,0
49,0,0,166.98523410149005,29.583568921029322,0
76,1,0,136.4573817075328,38.14961299226448,1
83,0,0,117.23262533344186,25.263365589156574,0
45,0,1,135.84717914122191,33.79080154343428,0
60,0,0,138.3528228168215,34.7541568961015,0
77,0,0,72.27440639609462,20.805176593910378,0
47,0,0,111.46029489254943,22.097236493855068,0
40,1,0,199.68846807663803,33.94478853011324,0
81,0,0,152.44873447611533,27.445951822048887,0
63,0,1,92.379755429358,20.255266803096443,0
69,0,0,88.88772363588325,24.178842478428358,0
77,0,0,87.72159968885391,30.517961468872393,1
66,0,0,140.321198259172,23.236379955370996,1
82,0,1,166.2674322390676,11.352778807393634,0
63,0,0,130.37584655680203,26.067920936752984,0
38,0,0,115.50068224540863,26.554040836868822,0
55,0,0,94.45456248285299,28.055358604865965,0
82,0,0,121.52806009542344,35.553300239737176,0
29,0,0,81.29573979663266,28.32113678739427,0
59,0,1,42.248205847606656,29.457624126554244,1
47,1,0,167.28889915393572,34.33322184189652,0
53,0,1,74.79655653732617,28.062064095014573,0
67,0,0,98.63086692157383,40.819124471740615,0
35,0,0,132.97251077202517,20.41775023612599,0
42,0,0,160.20634042711188,22.39511372135293,0
71,0,0,118.99957283465174,31.68375044962488,0
36,0,1,68.22011543187101,35.52588119763183,0
33,0,0,99.45287426079571,26.795230018788253,0
34,0,0,86.25301082412223,21.936272975263567,0
82,0,0,108.66261403850376,38.56593751135211,1
68,0,0,153.11945649443726,23.245786631174138,0
41,0,0,21.191399137554058,30.034326706797874,0
62,0,0,95.60135594903782,35.88491086808671,0
31,0,0,93.05826272645436,25.350368659473872,0
70,1,1,66.01335292865262,24.267232976459717,0
37,0,0,130.49217603123657,24.677873547822017,0
64,1,0,60.47584448433832,33.40930753944859,0
66,0,0,64.50370022462863,34.36088623121596,0
33,1,0,139.78742249072147,28.202352350572763,0
74,0,0,162.5199979136934,39.298493518418404,0
51,0,0,107.33661309858142,28.191799355620766,0
82,1,1,67.39113583537569,35.753999285008994,0
26,0,0,85.30560678776125,25.407990374494364,0
29,0,0,145.28006815357656,42.002539202233386,1
53,0,0,114.07533842321878,37.42078849347827,0
61,0,0,106.46364280913271,27.232152186828905,0
62,0,0,120.95673984696012,36.60724125230202,0
43,0,0,108.68190197660958,36.30388294703211,0
32,0,0,164.0999304180726,37.31824645775589,0
72,0,0,83.77998573572397,13.108081985678169,0
69,1,0,79.76143091076753,32.316108695745015,1
25,0,0,61.57912686759704,31.25379261583445,0
46,1,1,91.10043274960084,30.826439685660716,0
76,0,0,71.78085838668459,29.310078600387385,0
41,0,0,117.63264280284533,29.486867677087158,0
31,0,0,110.73315779338002,35.698841831788485,0
49,0,0,72.23235749762082,31.23684024216023,0
69,1,0,130.61987756597904,29.301438662394176,0
28,0,0,163.08845034954558,34.83628608901371,0
60,1,1,122.52434220348583,30.50815707047122,0
30,0,0,20.97756359655843,31.08141056412028,0
84,0,0,179.54958397345368,39.20222265286736,1
55,0,0,136.14232141748707,25.393115724702117,0
43,0,0,178.4746388615958,18.905737969592543,1
68,0,0,148.1753255152442,28.434181065944784,0
78,0,0,155.16803966046956,29.287260069741787,0
63,0,1,117.18434127603797,32.329174176743145,1
51,0,0,100.81963957335586,28.643895487971765,0
34,0,0,123.07184157062562,32.53071546383535,0
50,0,0,85.19252219137113,43.02770008162942,0
43,0,1,125.18582978150813,32.80908591326205,0
63,0,0,18.062480992725128,33.86389180630881,0
27,0,0,111.50262858250444,27.222811553665395,0
69,0,0,157.06366420357466,19.688457462956187,1
37,0,0,113.3008002625138,14.211330477221528,1
74,0,0,170.46189583108458,24.887916507185693,0
52,0,0,100.76891142529882,12.517770064209284,0
82,1,0,145.09278195457398,31.081294150115646,0
44,0,1,79.2605474214322,25.703098093450873,0
52,0,0,143.66848168443826,20.11975080114854,0
32,0,0,118.14082178797358,28.785244719691754,0
65,0,0,102.30873264550449,23.568206838149177,0
63,0,0,19.914125972745286,30.70465752190461,0
25,0,0,101.09681284680575,32.245757978935025,0
27,1,0,117.47085567479337,23.78899502206935,1
37,0,0,139.00483023269712,26.576312913458043,1
52,0,0,164.63324296846736,29.28937452302932,0
81,0,0,181.22614454780688,19.55774671874545,0
84,0,0,153.61935700930445,29.288845137262097,1
73,0,1,90.32683861435319,19.413888111523626,0
49,0,0,99.33185686687914,31.39430187731722,0
80,0,0,135.8620414865289,25.389018024230804,0
57,1,0,128.18650609467306,19.380743595734593,0
62,0,0,166.99210857869767,24.520158405155055,0
77,0,0,196.77862965484692,24.773952512839347,0
30,0,0,189.3513068284378,34.411125300321665,0
82,0,0,162.28783699294206,29.039828195714765,0
68,0,0,128.4765927130014,22.262335254609205,1
69,0,0,157.22637720310453,37.89439772320292,0
56,1,0,168.15043548049385,31.758942409063348,0
69,0,0,104.84448609607436,25.982065788522025,0
71,0,0,91.35686596219344,18.676994885829863,0
45,1,0,83.14026499749139,25.45243852311884,0
40,0,0,79.32653432941439,26.676921492053975,1
78,0,0,61.630163709238325,30.214193988701535,0
45,0,1,118.74655981912046,31.64353905795793,0
35,1,0,75.00865196191539,32.83949257246441,0
84,0,1,82.57672355526162,18.331195414968718,0
61,0,0,134.54394457118545,29.251028926979455,0
60,0,0,116.35631731887284,27.042305048510727,1
59,0,0,125.03687292217862,44.067863657019274,0
43,0,0,157.78020666622285,28.388166634578226,0
44,0,1,140.25854679892782,24.26408080923177,1
81,0,0,163.16103035084322,28.662213140301493,0
42,0,0,112.79917731723248,27.948590271935405,0
71,0,0,166.41267069593385,16.06576415709391,0
65,0,0,122.5907867525111,30.449826780507024,0
73,0,0,115.9047191383321,26.136651455928508,0
38,0,0,161.15341721967764,27.839852709036887,1
39,0,0,79.47462122823467,22.758588796656653,0
55,0,0,180.82601986398663,21.436514618726587,0
25,0,0,100.126499298695,33.273294004453874,0
77,1,0,67.36622099577373,34.65073993865694,0
78,0,0,132.87256832195519,30.50859163262341,0
78,0,1,96.79374714586088,17.135214396642194,0
27,0,0,180.90324821689376,30.898380155567942,0
40,0,0,94.84847134251984,17.224380691979885,0
47,0,0,121.00571210731867,24.03294619103041,0
81,0,0,60.10423395826639,33.19335069254345,0
35,0,0,138.45199857141148,31.94559089022695,0
36,0,1,82.79134734493834,30.74180418720082,0
34,1,0,134.26636416164104,35.877415923518704,0
56,0,1,95.00791661029484,31.36009088444756,0
40,0,0,38.35728596470202,15.885884649754704,0
32,0,0,114.59165316203593,25.782814922461842,1
62,0,0,113.02499809774524,27.750349253613635,0
36,0,0,140.83750507679147,27.047549639383767,1
48,0,0,164.46002001437216,24.297188949385664,0
52,1,0,176.93432934708795,21.819063199218434,0
77,0,0,140.245397471481,42.40446981675591,0
32,0,0,119.75167172230714,25.66753104876531,1
82,1,0,60.043324366958714,42.10961232024672,0
52,0,0,117.07073279465025,21.152257571463675,0
60,0,0,117.52290594786264,31.942360412554045,1
50,0,0,103.04759091203903,29.377848498339215,0
32,1,0,132.1538677710283,22.468302837609635,0
82,1,0,149.2666998843747,25.1946573410759,0
84,1,0,81.35586243149606,27.90921958383418,0
74,0,0,80.81054760301865,22.935300297003245,0
52,1,1,105.12477958781798,26.46315643578744,0
52,1,0,88.46697832522268,13.81058544765631,0
61,0,0,52.5561379174048,32.269095941612434,0
65,1,0,75.11925422869669,35.36291004473676,1
60,1,0,66.86875985368958,30.726182244991957,1
51,0,0,152.29576778063537,41.585548767626676,0
78,0,0,169.59894521032473,32.09257736559936,0
41,0,0,71.65982899468946,34.856857832665355,0
33,0,0,129.11257295979888,35.43017699506066,0
57,0,0,140.57307485644128,11.49391986048619,0
77,0,0,57.770592466904766,30.542039192497377,0
44,1,0,115.63426315126499,19.702390298099314,0
37,1,1,198.6730657871284,20.91457929057517,0
52,1,0,133.7001403225171,21.958160369188512,0
72,0,1,101.41448105336143,26.123705199895742,0
53,0,0,90.39347161736268,31.902759764426182,0
37,0,0,39.21384453476867,30.603938950040224,0
70,0,0,126.46657796408562,27.924511703094414,0
59,1,0,178.17358755390103,32.33610064723577,0
30,1,0,81.52596859607277,32.70091792955262,0
42,0,0,42.254536216902856,30.65574513540007,0
75,1,0,86.75215365263715,17.652971283551285,0
29,1,0,140.8559911092373,23.564003263859657,0
71,0,0,95.00249983122701,28.157967003655894,0
49,1,0,81.28361674804191,32.40071729884651,0
26,0,0,110.67042202702507,20.02852205365608,1
34,0,0,118.03952615087493,27.931928861348318,0
80,0,1,61.40634507299069,18.606253261663287,0
54,0,1,102.39507060721118,34.15550791431567,0
74,0,0,92.59563351271815,29.454083670188346,0
83,0,0,87.56834777631711,19.923183784264346,0
69,0,0,74.40371657129933,19.88362877317424,0
29,0,0,142.94402491781793,30.32459122950556,0
79,0,0,87.44645749206902,36.24879348737899,0
80,0,0,40.17691499653502,21.419284975303917,0
57,0,0,119.25042376914017,32.71962465169646,1
78,0,0,135.38198154356147,24.74657369183302,1
25,0,0,82.13943771744428,32.93916461615732,0
42,0,0,90.41180585756118,32.09914546219188,0
56,0,1,87.28311978500696,28.931799048894636,0
71,0,0,97.86713234994613,16.9936521623165,0
73,1,0,148.73975637664378,32.08711390074468,0
35,0,1,106.00792896696753,31.01211562598119,0
45,0,0,139.3857740983522,30.462578519167014,1
50,1,0,76.09089289586365,29.17404437938587,1
49,1,0,96.57083531466554,22.727278670007355,0
46,1,0,143.39048355465573,34.497776626114664,0
83,1,0,81.80381105508093,33.388838324899815,0
51,0,0,145.42477613179858,21.54746333893201,0
73,0,1,88.00655681517017,35.885770063106506,0
37,0,0,98.74181197295532,28.790016607812326,0
57,0,0,168.45569055721236,28.774821718871035,0
58,0,0,94.7463357991819,26.941867981487903,0
65,0,0,115.08710309627222,27.532039620489666,0
59,0,0,131.57527478826077,36.22539512985862,0
25,0,0,117.9278027385204,34.19844990759109,0
45,0,0,118.92686721113517,34.071082501836486,0
72,0,0,108.0211089606393,29.10738611527227,0
79,1,1,64.4216276844287,33.33503034120638,0
30,0,0,122.19012655349154,22.994121555756568,0
52,1,0,84.3636040045921,31.5006578709884,0
41,0,0,137.1518526091112,27.079071808186196,0
29,1,1,158.022149838239,15.641170075550065,0
55,0,0,46.80549585040446,18.48339004706822,0
29,0,1,158.08327395994866,24.02212731946468,0
62,0,0,95.61297728465348,30.49092390609226,0
27,0,0,105.41677722354345,24.027521269996186,0
77,0,0,78.06643916206636,24.453299575691748,0
47,0,0,116.59637051731968,32.57956553124905,0
61,0,0,112.3385209112092,24.669927283301877,0
77,0,0,147.69229888524976,35.98484345220647,0
61,0,0,84.051235317941,34.990742438920805,0
34,1,0,168.1280840678268,28.13128792342791,0
34,0,1,133.26499302081112,32.52076870994997,0
43,0,0,113.18391418713932,31.70344272613829,1
41,0,1,103.67254726365782,26.52600834424358,0
45,0,0,99.27006935031524,33.169807977832875,1
38,0,0,101.55296789577233,34.053412332343164,1
33,1,0,115.89406849274157,22.2853886152576,0
70,1,0,102.68500137571937,28.92129182992445,0
25,0,0,87.58146902223794,28.855022935456997,0
75,0,0,116.10607531928459,33.09771680470423,1
69,1,0,80.72991584461144,25.33684989730398,0
37,1,1,121.28634153506115,24.413438003341426,0
28,0,0,102.19265375817405,29.01399796186692,0
25,0,0,134.38558182311453,35.088155339521435,0
73,1,1,144.6175973743417,20.8037373075404,0
64,0,0,144.60381961206585,21.851163079977233,0
56,1,0,121.13367696184191,24.87697055217647,0
