hemoglobin,mcv,ferritin,tibc,gender,anemia_type
12.890799628431452,93.25940567171197,41.04949470920331,367.4126117180664,0,Chronic_Disease
11.112859956720683,75.80746326139152,15.369487378305752,400.9089086330739,0,Iron_Deficiency
13.313527906681939,83.1534493232918,1.3338743377112332,498.350840916084,0,Normal
15.764483597942471,76.45269653553949,38.577002670280926,250.5030871802264,0,Thalassemia
10.84437055077466,76.78604527081221,5.62124334214685,473.20488024780366,1,Thalassemia
10.844416520542294,78.28993451837633,7.481077268709256,367.3049156266249,0,Chronic_Disease
15.921795883420696,84.66560525960455,4.4992985854350405,297.085116617381,0,Thalassemia
13.648817241628144,76.25501654003827,10.019965261792855,266.87804619827074,0,Normal
10.185471719382134,97.06907350688225,35.3417936954129,346.76157264560766,0,Iron_Deficiency
13.019168122040702,71.26471237336595,18.31726333810107,424.51550783471214,1,Chronic_Disease
10.202430460125106,79.75754027006369,5.731595869677211,351.0715615735726,1,Normal
10.19595669000328,76.72322730070991,52.55856003163719,465.7808451173143,0,Thalassemia
12.177494360384895,99.3637346122448,52.91962627699586,258.41770169639085,1,Thalassemia
6.142815314958166,84.3586573181389,51.11700450256092,359.1537736507762,1,Normal
6.670230068963509,94.38213447362362,6.821354160173019,272.33245889108167,1,Iron_Deficiency
9.925594918125277,64.17327552355634,15.002322410807325,385.45423178374773,1,Iron_Deficiency
8.664072863063614,85.2046031904311,104.97539312324878,422.082117306811,1,Chronic_Disease
12.379892531266767,92.67556954748125,36.961609304569464,330.54667444232626,1,Thalassemia
8.957532588540609,82.9874078713051,0.6885819659220381,177.7050300361006,0,Normal
7.545549636261184,94.78576450078421,1.685689695477763,373.9263702757546,0,Iron_Deficiency
15.603816552980351,75.79253859879553,15.587327444276571,390.57169862134566,0,Chronic_Disease
10.8678263586377,98.91216928222696,59.98296374134202,388.3006328473188,0,Thalassemia
11.689078973126186,109.586777483431,19.34276465009801,446.5047534275508,0,Thalassemia
7.510705078602321,77.64593727472409,17.219543476222302,285.0262424245666,1,Chronic_Disease
9.975728371329488,76.65396974319074,2.7865243629151104,407.61512738153147,0,Chronic_Disease
11.810583251187625,99.4406137254124,26.73459857827406,443.47552587345825,0,Iron_Deficiency
8.277217983217552,100.95486574876855,43.163786265754986,235.49886911954383,1,Normal
12.551954451367882,75.72567967416079,11.967836549179605,382.3756278143284,1,Thalassemia
9.818211668227347,76.9577581948497,37.35944795845929,324.707411829463,0,Normal
10.683257500578826,78.61858469367391,83.43912905130246,354.2934128828848,1,Thalassemia
9.81522148575769,65.86659386758868,5.696568577835327,384.3373538476835,1,Thalassemia
16.686378916625024,70.97617664218961,18.523251942553394,325.8940005120513,1,Normal
11.462207770733785,69.95031079897518,8.461684172226347,312.7004344586872,1,Chronic_Disease
8.53840939892348,72.78642921875046,39.35833608043685,362.39066922416174,0,Iron_Deficiency
13.80312575388893,81.58378135135862,21.544671023491123,283.89278427960386,1,Thalassemia
8.081637780081138,84.81057679043825,25.1678629458319,283.99224097803705,0,Chronic_Disease
12.084818066013314,100.60600591376893,39.976567986276656,407.55612980695525,0,Thalassemia
6.012923653136629,70.0197515111345,12.60330489804451,279.58441753889406,1,Iron_Deficiency
7.781079063084395,93.811868781719,61.65410531532414,406.6418750636448,1,Thalassemia
12.051211460433546,79.43213386929389,19.037195936384528,392.38139049977656,1,Iron_Deficiency
13.567706423987149,81.4064354841708,4.29804028973296,239.19352898465823,0,Iron_Deficiency
11.979831187331918,90.09783390599924,29.7598946124097,312.57047433650416,1,Thalassemia
11.176184809312927,68.52733574125241,39.40749614809887,443.58765821331605,1,Thalassemia
10.656909652349992,86.58891695420861,9.522788619892758,291.3184128202223,1,Iron_Deficiency
7.360138426971203,83.99742649855668,48.65412451283406,327.4917016383429,1,Chronic_Disease
9.484436216494815,87.90941516809778,59.14964115077916,392.34426252763274,1,Normal
10.210211441312595,85.47002372689381,8.10534898926161,414.83733564978166,0,Iron_Deficiency
14.459942233412963,111.46360167893073,102.64242805704346,342.3922779768853,1,Thalassemia
12.462131210791691,74.3471201889842,3.791264759512638,318.1742863715851,1,Thalassemia
6.563487564984345,75.62803653997818,5.641657907866895,459.5658903188955,1,Chronic_Disease
12.407435114305425,74.52231368290283,5.090412506689293,481.7229764658305,0,Normal
10.421769614834314,75.33427457007694,56.105477854603315,428.52006355472565,1,Iron_Deficiency
9.604618399143316,74.35135447232179,26.554059713367582,365.9722699795517,0,Iron_Deficiency
13.21269360875443,96.26819837329062,4.1249406562575945,303.42139948513517,0,Normal
14.386798662988662,99.04605097587826,14.509904872246798,301.86889154104045,1,Iron_Deficiency
14.107584333525356,75.15104447500629,23.882158388699047,396.575987368603,1,Normal
9.150190934976612,72.01173312274926,2.1788506333414337,389.28787546220786,1,Thalassemia
10.6342053476166,87.65698667663685,53.51513600855683,458.11190150625004,0,Normal
12.42753760792998,75.37332346862834,40.6904971113402,405.5315064775298,0,Iron_Deficiency
14.231526355942606,89.59518181306613,17.590383202045903,254.78437887681272,0,Normal
10.158312134033189,84.4350762502156,85.37729807625219,433.6363332406043,0,Chronic_Disease
10.980154865341312,63.81107062003322,13.52185567573487,290.13575608799107,0,Thalassemia
8.402262072783122,100.57006241596073,103.55213441127935,333.1220109633354,0,Thalassemia
8.150621452574121,103.55053207714626,27.559484290867225,377.51401443761864,1,Normal
13.775072302703755,74.64653571418737,25.173942737338024,499.6967242848775,1,Iron_Deficiency
15.297472079998304,77.3475812807682,4.536694892665869,577.6942989203752,0,Chronic_Disease
11.298371659575066,85.43038468869887,53.41146560220139,402.4706141395328,1,Thalassemia
14.309892114097668,86.0134814798443,13.94311328375563,347.1762366895729,1,Thalassemia
12.512580870133375,89.90253127207397,4.42539361206711,397.4153953936385,0,Iron_Deficiency
9.693664687105652,106.1224544651962,0.3171917280733906,422.13587981116854,0,Iron_Deficiency
12.51190769542356,79.87663327007141,20.51063604284689,337.5532662109966,1,Chronic_Disease
15.806502386104713,72.42043306553856,18.737627866462578,485.6647949138626,0,Normal
11.399687090492137,65.44816926382568,31.766496118677352,376.1049531433981,0,Iron_Deficiency
15.881002236279217,73.22883952069697,55.2405901433857,394.8420162363976,1,Normal
4.1647137085487165,81.60247632551443,2.068420004513737,406.6146976438123,0,Chronic_Disease
13.801327012250626,103.53469436221346,32.87228234401481,389.5110627430119,1,Normal
11.74373179106688,75.78866441156595,5.188274853881729,418.72583503287285,1,Thalassemia
10.66277941869557,84.68545541966678,48.82939631421396,316.7922769417154,1,Normal
11.756930174299406,81.80292524712698,42.74023036527511,320.9188772237779,1,Chronic_Disease
5.9348070391175005,96.260719281377,19.456395857477514,282.98920369198134,1,Chronic_Disease
10.884918714054967,112.32318911048345,30.967798582801564,390.76508614341583,0,Chronic_Disease
12.49991520023289,75.62957472495616,9.434703765284912,414.525555245848,0,Normal
15.638103325276244,76.12672668978134,15.92710716973654,392.044100630632,0,Thalassemia
10.048843388833788,94.52993052482887,43.09834764897407,477.2144703343276,0,Iron_Deficiency
9.236217911899075,90.18269787551574,15.370657960602063,359.60827868196674,1,Thalassemia
10.095080277963298,104.16048790883241,11.071319904663907,406.8119158914759,1,Normal
14.063125929565807,89.00713822391157,17.040963852121607,283.580938670248,0,Normal
12.420503107047116,77.68849491055529,44.042774881685595,332.90302082679193,1,Iron_Deficiency
10.016671429452291,89.08785796830772,10.207028511608343,408.68764302960443,0,Normal
12.937148812717396,95.3044429669949,4.77179797353239,419.43714775202005,0,Chronic_Disease
11.771817138174512,91.84578617436837,31.12108704338209,339.4223136635072,0,Chronic_Disease
14.21220597349209,88.08728837328758,43.71436933212245,354.9880523699353,1,Chronic_Disease
9.534251337143413,94.80009627506985,2.6517269024522103,253.74883773234333,1,Chronic_Disease
10.582545989526249,96.03154708534808,6.8567804577033815,335.00795594353735,1,Chronic_Disease
10.40209717122996,98.58590789245032,3.8279633515208786,422.32682144638505,1,Normal
7.402158145230068,89.78451865107571,10.690521538901404,400.26435112745963,0,Iron_Deficiency
12.329136775780812,79.99458303619775,14.961883698005304,395.0466004966847,1,Iron_Deficiency
12.230954762103691,83.76056423719987,34.54026736209557,363.4841581026672,1,Chronic_Disease
11.514317678598891,96.47810759810028,26.327658138387537,360.49442110397234,1,Normal
10.843156026549588,72.19677194815317,24.250765383723273,313.7775202368587,0,Thalassemia
7.536961922258841,86.42407970647481,10.861084285174275,408.91798941417744,0,Thalassemia
10.322193096256994,77.27993425207167,46.041746125857706,389.4681061072573,1,Normal
10.540399353725045,82.34493787521781,15.932746101098152,394.44131935949594,1,Chronic_Disease
9.253623646179467,97.34142235128759,96.70606041487227,323.1775610132694,1,Iron_Deficiency
11.048400007335175,84.29318881623884,25.137759425244315,209.2659956090129,1,Normal
12.631342399080708,82.55723857787379,3.3744464295256313,436.80068982275867,0,Thalassemia
16.781320523389486,65.68172630824097,28.188998612768884,326.4813780794117,1,Thalassemia
11.988817875929149,90.95504279232665,9.829917422990256,299.60569651698154,1,Thalassemia
12.22114109402374,89.7458101736929,28.98512160062216,408.5435238339796,1,Chronic_Disease
11.291551435854732,107.95905667966552,1.804622626738608,332.55911520566093,0,Thalassemia
6.127440597162684,78.30666118056399,4.8057047614780375,434.19554688326355,0,Normal
11.425761148742193,84.62980393196726,48.402976275453256,403.1904164703688,1,Normal
11.668644587834875,84.99260420452906,6.442713582669622,407.8498526240334,1,Thalassemia
18.3970779149588,100.9294393571617,45.3564353028208,264.3831002159626,1,Normal
10.961389298612858,80.85645361135657,8.187478484468683,444.83607897704803,1,Thalassemia
12.344332558534115,85.34825830924407,25.742219193755872,378.28753718636995,1,Thalassemia
11.40280704482532,89.29475811659847,29.616559210740967,334.1506002527658,0,Iron_Deficiency
8.227701494665311,84.2393094778763,17.969562032213737,370.03719271395755,0,Chronic_Disease
14.699903880642058,76.64279662539366,9.107263754724553,235.6635336971176,0,Chronic_Disease
13.605412491522967,84.3290799147797,5.976881504117145,388.60569680364694,1,Iron_Deficiency
13.71488945172053,94.88358099831727,0.843815480264018,287.943994427255,0,Iron_Deficiency
8.953715126574732,69.68181640706727,9.058215297530232,265.3130799909526,0,Chronic_Disease
15.427824070621078,83.59563608976251,26.472493652305502,253.4348569647476,0,Thalassemia
7.5748170241816135,73.59855022072992,69.63873614773435,437.8881862492948,1,Thalassemia
13.143199862640756,96.34055954709811,51.23823165240998,315.9515624415048,1,Chronic_Disease
17.633275752267938,63.721757142594704,36.31777561868445,467.3609396941549,0,Thalassemia
8.726498289634073,75.29293783274095,38.832033585342536,322.49389758633913,1,Iron_Deficiency
9.91436635711224,86.52654250077426,27.33949209804183,240.48494296849373,0,Thalassemia
11.779023822245396,100.78628835081209,7.537320332431754,281.8432892035939,0,Thalassemia
10.090268168474642,81.21099686712415,59.431377304877266,446.5068134004857,0,Normal
7.1581423930148285,75.33760567968162,27.77210543550172,349.08712754443326,0,Normal
11.691976329456876,104.57388483328708,20.54956219715951,321.61988924565793,1,Normal
8.525549601566906,64.62383319500508,2.9411549471066163,371.2012758096951,1,Thalassemia
12.826058805778509,55.61432852055901,14.812443084598428,395.12479153172814,1,Chronic_Disease
8.92561214414535,87.28017340064,15.421245620074888,438.21791711317223,1,Iron_Deficiency
15.839816334049111,75.97534930776867,49.981329796424106,461.3949460925048,0,Thalassemia
9.306890781458536,69.74520619443145,19.777172474644107,334.816194794764,1,Chronic_Disease
10.598227754624109,90.50027736759225,11.967051411189463,267.1766619742573,0,Thalassemia
13.777848208635076,84.92560856525438,94.09042900880847,331.05743872137066,1,Iron_Deficiency
8.053579913984926,75.23105643115926,2.9335949906689627,378.219635460802,1,Thalassemia
12.136887816891562,66.63634721594927,13.728267466283375,292.53687516525724,1,Iron_Deficiency
15.159999711990798,92.46948793936174,1.0733314576720352,292.999435957347,0,Thalassemia
6.999046943228564,89.80241413550394,33.667623741578645,384.06515170849195,0,Iron_Deficiency
12.016974803890452,80.8098896346474,62.549250779096944,356.5943353900684,0,Thalassemia
12.227671823895585,104.159643952572,8.213897872850485,362.29578967881105,0,Iron_Deficiency
13.689104040976467,69.15898280408616,48.85843238782074,306.90532657099516,1,Normal
8.03653800954137,63.693697948903136,8.640486697957483,343.87195000559626,0,Thalassemia
7.802721483364026,73.69710316142506,60.41349461534927,295.3036799012187,0,Thalassemia
12.961436383727314,81.45296780373403,35.056722290304236,422.3138887787351,1,Chronic_Disease
12.331557085052921,84.92007339187231,40.85694417941097,432.46745343066266,1,Chronic_Disease
12.201379980968454,79.10516730572404,0.45426616035411155,230.76684964333344,0,Iron_Deficiency
12.470054986591533,86.22466475817156,82.29312431090993,294.9342397865313,1,Thalassemia
9.595930779580225,66.98152690971467,32.426976304117076,255.24295214369445,0,Iron_Deficiency
12.15031035205081,99.32517524887912,9.087134034943075,314.49832459151713,1,Normal
12.320602925236308,81.01418585928917,44.21005929012269,354.15934211467476,0,Chronic_Disease
9.49981602952617,95.40754997905753,8.265476940182978,258.5248346211029,0,Iron_Deficiency
16.72416863120532,86.11270415653244,51.54079493536041,295.4698130812281,0,Iron_Deficiency
12.826732178553005,87.4810386298454,2.9859335620273555,289.7229839542951,0,Chronic_Disease
8.164350207832584,88.83720736278644,30.408387501104666,374.50871305792606,0,Thalassemia
13.338350104174722,87.37250272020778,19.451209274181384,364.8541035925375,1,Iron_Deficiency
8.7708913233635,89.71267311841052,2.537933038162738,309.4783712663923,0,Chronic_Disease
13.703836890478865,97.94983036158918,6.923295872207534,372.37746104975787,0,Thalassemia
14.744067621220731,84.35825403641765,0.3120402118757005,321.73239407889145,0,Normal
9.202089508615211,90.50804509106214,15.81390941650705,340.98414227717626,0,Chronic_Disease
14.1974531618841,80.92317166855328,8.96210237092986,477.14164632089756,0,Iron_Deficiency
12.655786595422196,99.28140658539367,22.8048212603893,453.8322736253244,1,Normal
13.801768447984571,73.88329237528876,8.818417998630917,269.02931341506815,1,Thalassemia
16.81102035143105,103.61128519492979,8.913984890616852,418.0812692515422,0,Thalassemia
10.812913275191963,81.51810459226787,33.98578057067566,416.79775881441145,1,Chronic_Disease
9.389538739799029,64.83069877458342,1.233507330998884,279.62156978731673,0,Chronic_Disease
9.009359597048535,83.53725297892947,58.29905905477947,417.31443506284023,1,Chronic_Disease
9.215731202096773,73.82738011030143,47.80818829035191,467.6552342888787,1,Thalassemia
11.284115213640508,92.08772258786469,27.5508044878353,281.421863562891,0,Normal
12.455225529486603,74.1685122483713,22.487166001908506,295.77480252900153,1,Thalassemia
12.274734238124053,76.64579880142264,55.7107222610764,431.2363026790452,1,Iron_Deficiency
13.816113097300866,59.325511228653625,5.124309402099719,379.00467175779534,0,Thalassemia
11.53640529725814,76.57232416901108,2.0565440081025606,398.6033392667666,0,Iron_Deficiency
15.569895416040486,52.91344808045252,6.844813500857973,383.8412451480348,1,Normal
10.758960866933723,62.99316611817132,39.56725589656835,387.3487144649701,1,Chronic_Disease
19.116473666450933,91.12497587373157,0.8821385873831626,267.1469510182242,1,Chronic_Disease
13.251868573742017,91.42960190380998,21.855148480489177,433.3122394635014,0,Thalassemia
9.09995884203441,87.10549074141957,134.74720272150208,441.8712994699441,1,Chronic_Disease
8.501501005428885,70.39628628244944,48.39584359589422,343.94264791523807,1,Normal
12.850922762680918,81.42746372629624,18.424639300220445,356.95661351302965,1,Chronic_Disease
10.874304201087618,81.95676953091318,1.6439058038132879,252.8224748210994,0,Thalassemia
13.499201383457857,68.0996237296895,44.501728858168484,395.99783292124846,0,Normal
12.825065348805925,100.04077962120581,22.843506438592637,400.0440209199901,0,Iron_Deficiency
11.296079044560756,92.52834748690806,3.052298182570432,355.64662881004824,0,Thalassemia
9.128977589408466,79.34842991404403,2.4639615768615375,438.7047351909352,1,Iron_Deficiency
7.258427770879579,82.32263006793437,60.09519326960847,336.61459383140414,0,Normal
10.24975813421234,84.50059369537063,27.656052767201277,399.52241481255203,1,Thalassemia
13.897916624105722,57.49918157890851,44.19425798806012,288.62349629155193,1,Thalassemia
12.09946248356457,79.03387140975283,52.794759268873534,358.3513494388033,1,Normal
8.011931419606434,73.81618902402641,21.202508426623005,347.7952019468015,1,Chronic_Disease
11.98490659238331,69.98055988126102,18.216579407789467,375.7715545428659,0,Thalassemia
12.578888663240743,78.62679648536854,14.071726052364358,334.1331149816649,0,Thalassemia
9.025199178636829,103.57223832219427,9.52955550283458,350.7969183029833,0,Iron_Deficiency
11.930430296647478,89.69011433520411,14.255367247078347,417.8233020009054,0,Chronic_Disease
11.6629844116488,75.14585212260644,37.167198116668146,329.42650339332477,0,Iron_Deficiency
8.299683166074255,88.8709933762739,23.027772695427757,247.53960294829244,1,Iron_Deficiency
12.501804608975194,98.79226523903202,55.7620276407334,482.47087329437943,0,Chronic_Disease
13.070196673831056,93.09560419495322,14.6468130980486,456.70178550833407,0,Chronic_Disease
14.532543480890775,82.71556443904208,23.35434071913222,269.5416113426067,0,Normal
14.450645745697727,74.23675866753311,24.94481149227316,408.2795463671636,0,Chronic_Disease
7.642525769720145,90.37867976336308,22.393653266487824,324.791766061406,1,Thalassemia
8.874089888237656,86.721824625061,30.319770313824446,378.44410507317417,1,Chronic_Disease
12.942098748184247,92.74231864033278,6.776637992915319,380.5956890309446,1,Normal
12.938600662554185,89.62206162018363,17.954639922560347,343.59145397785744,1,Normal
12.942133521656933,94.59463258383202,2.751644836958271,305.1364034089522,1,Normal
22.28764817383322,75.57717746127318,12.133468437476491,311.6621263378618,0,Chronic_Disease
13.098493429940868,97.80872878761191,16.71951521671883,295.86656591631305,1,Chronic_Disease
14.679583792505676,84.3711952563088,26.404935772982206,301.7724454238689,1,Iron_Deficiency
14.171204937780967,106.90313047150319,75.16025328079857,355.2975196965451,1,Iron_Deficiency
13.323895503656233,73.72974618292518,22.947993108327505,309.8968007622474,0,Thalassemia
10.617246115007033,102.83156563798299,34.0248206589148,407.7436445998834,0,Iron_Deficiency
13.625113817381148,84.37492940155177,17.64396222139193,464.10723087351494,1,Thalassemia
9.3360893992948,74.18298395662661,25.13515561793504,319.39627310409696,0,Normal
10.836907901127976,76.19336999134813,1.839339462403251,376.7583150374764,0,Iron_Deficiency
10.14098206607851,78.15583230166816,7.338868097128477,394.97795772120537,1,Chronic_Disease
11.729247590281703,87.08999135682299,11.229669017737262,393.0401589643492,0,Iron_Deficiency
17.981043986685822,88.274025856426,15.989845414180218,365.3168687541261,0,Thalassemia
6.271657460743105,75.11559995273706,1.1680871000585302,411.98776928518055,0,Iron_Deficiency
13.421528533048638,81.7077448928682,3.77127276344993,393.757426687646,1,Normal
6.984395560668975,107.70724430334236,8.102231352583528,273.36363043708917,1,Chronic_Disease
10.178590775789587,102.73051804120854,88.97497248078977,420.8409245072491,1,Thalassemia
14.549061671508625,87.23588403608838,10.0622512161028,422.11035860867196,0,Chronic_Disease
11.679984053467296,82.4560417380184,16.446482565718775,306.5699727074993,1,Chronic_Disease
8.482314621797943,83.44037592061913,5.456938761141075,362.65564848133215,0,Thalassemia
9.49714961407209,89.362215672765,23.5902681284979,407.8330294967749,0,Chronic_Disease
13.402873697017093,69.72648921761913,8.236335697785302,345.3480326294447,0,Chronic_Disease
9.454973431192018,78.91148155091986,5.798067463731255,435.1084633436208,1,Iron_Deficiency
12.10608405082953,61.97699111346892,18.171354733110515,525.4710746233552,1,Chronic_Disease
11.627601151730678,86.79067747126335,0.1380252984327443,304.98097771555126,1,Chronic_Disease
9.675519026703713,89.76635127643289,0.19233880676000753,263.32687777923576,1,Chronic_Disease
17.503043450110912,76.20176245240751,6.181705921685765,381.2673016923413,0,Chronic_Disease
13.274973262490432,100.88784115948039,0.9353141459548957,410.50937535883,1,Thalassemia
5.8296007573587,67.29081204397191,2.8579504790691557,343.8393538308662,0,Normal
12.022072081354397,64.42750143748216,10.344766085125771,461.7282464324724,1,Iron_Deficiency
9.646997898648515,84.69342182271967,40.56126523564115,266.2975940193726,1,Chronic_Disease
13.886813337429427,94.56517963134586,21.21864356478282,408.50430361221277,1,Chronic_Disease
9.280941932388439,102.20713229749443,17.970227524701563,317.58974254687746,0,Thalassemia
11.178737963892683,76.49338884557272,8.685406425916185,480.35645343451074,0,Normal
12.91396438114528,94.94417000117555,67.1158085896554,499.47607472176827,0,Chronic_Disease
13.92411454367634,81.53789836599151,12.646575664366708,306.33403885516566,0,Thalassemia
8.139170060243826,79.92847240071016,2.2780252529143894,321.53100048639936,0,Iron_Deficiency
10.563396539645344,92.60391924984008,23.99734940524885,420.17115208858615,1,Iron_Deficiency
10.170153128749323,89.82787454096103,3.021398621766573,332.90085451473396,0,Chronic_Disease
9.670678148793607,63.08329411618901,10.58651943558164,356.8212147447433,0,Chronic_Disease
16.443271872787072,99.71848419671075,17.702050742993652,361.77718943796873,0,Normal
12.633948790690676,98.56109624976942,51.831025057472914,225.62287906616405,0,Normal
7.969524927861873,74.49324758188564,17.008073116398826,359.0313577734034,1,Chronic_Disease
14.070013451753374,86.7496424012489,30.288262802312754,311.71905581550783,0,Thalassemia
17.442037351635374,87.92836223539287,123.40039354945276,325.48140243201595,1,Normal
14.39090272954321,85.12808518988689,3.524379147899539,461.054240242817,1,Chronic_Disease
7.245764095328763,75.39633815385496,8.030334576172542,272.04451740045204,1,Normal
10.144144595974497,73.94051958474338,12.545659120911873,416.9243630723584,0,Chronic_Disease
15.047351217722543,81.69335114810265,13.6971046380366,340.4725948767734,1,Iron_Deficiency
9.518525496267413,96.07274823111237,13.23412193515707,340.4167882052916,0,Chronic_Disease
12.742694398809439,88.5232018551332,59.54368456779786,415.3260327236198,0,Iron_Deficiency
13.668975349602142,77.55262801496673,31.296940404235635,383.80359061982233,0,Normal
8.904594679581368,91.26038452778013,23.406291690793815,399.94290980536715,0,Chronic_Disease
11.33332900302696,47.817488552439094,9.253874745734972,427.7729262373003,0,Normal
2.4244514478065975,95.78518840446525,43.40202484694278,336.8084131771674,1,Iron_Deficiency
8.631714604263989,61.1234346546628,77.5609598449539,317.14342858445747,1,Chronic_Disease
10.792809176099151,77.65070870316241,43.03694527162666,284.0394631409541,0,Normal
8.006207090498421,68.56396126448627,0.039158281201043706,302.22126290147315,1,Iron_Deficiency
16.070751651008578,66.46382229134913,25.29261712667803,566.4366097716107,0,Normal
7.495604141710229,95.92992144854223,1.312228687376114,447.12757065157507,1,Thalassemia
10.267875437248446,76.38758558425731,7.446920580561891,265.4247943654385,1,Iron_Deficiency
11.866073616401057,86.15804658076858,1.5342473395491578,267.4279430279501,1,Iron_Deficiency
15.535565209385123,81.43695305344978,23.1456167032198,393.7306243202944,1,Iron_Deficiency
7.47958597669757,87.72448992667746,29.006069136119013,398.30853581645766,1,Chronic_Disease
14.756858506033886,82.92186269272307,3.039721536420325,398.4218684722155,0,Chronic_Disease
11.528652570854844,66.60409330973717,12.106169903734012,342.15309445124115,0,Chronic_Disease
8.751775777065738,93.95520183336568,15.231022144269732,351.218201799797,1,Thalassemia
12.793889727937158,76.07492100206424,11.513336202968484,382.951566691155,0,Thalassemia
12.057367147605715,63.321017216082986,3.2249705916029328,366.0125104405331,1,Iron_Deficiency
9.819392743955374,76.86261806840905,13.572866604597019,204.64897390767254,0,Thalassemia
11.695445837972052,100.00911748761173,34.77544224320185,343.91402585973646,1,Normal
10.421121928787072,92.20266090536191,1.8413697626809027,300.4015496017781,1,Iron_Deficiency
11.817848566703494,77.81617438710569,2.0894323891189948,372.26479932359587,1,Iron_Deficiency
13.35396588865893,77.80890754817885,10.953760968410759,568.9681301822387,0,Normal
15.940847085206986,78.14037938539141,71.06485763819602,385.7237165832013,0,Iron_Deficiency
8.034116603284822,106.92097580273008,27.608665971022937,338.05292196793215,1,Thalassemia
17.472493449037547,86.58322542677864,28.38216279249207,424.5261051384077,1,Chronic_Disease
6.034154161336995,87.16049976629283,11.23228993224514,393.7881521046449,0,Normal
11.075001733900367,94.3634014483821,22.514174464336154,389.4066143316289,0,Thalassemia
13.147288178156813,84.86546990831816,0.25457134381357716,402.479541525097,0,Normal
12.286777229658092,78.89149425015157,25.271632748151063,503.95804953806794,0,Normal
9.756441344502337,79.64380181098026,61.12877148849532,280.83780952718587,0,Iron_Deficiency
10.917257698999629,81.14078488703123,23.70572609732108,393.15424537680184,1,Iron_Deficiency
10.119597382955268,81.5533331618819,51.727102830938584,295.1533209012923,0,Thalassemia
9.849778680556208,90.73155452364375,32.18141982267902,398.8858852439574,1,Normal
13.87888587165887,82.6233506296876,3.2117034256499264,295.6919441959734,1,Iron_Deficiency
12.499643360702132,90.79168092658695,58.18560289954435,330.7843230476441,0,Iron_Deficiency
9.559853133270169,81.03140103869701,1.7188540447534275,339.34370600334654,0,Normal
14.018879651213101,82.94362228379309,19.087496147321172,428.30717035412965,1,Thalassemia
12.360438658454505,58.02159178561471,3.83277525518789,424.29181107596895,0,Thalassemia
13.776013932749088,92.99593209642978,0.2943918153620506,272.7997836487531,1,Normal
13.262960757386114,86.15786171077592,13.70601714109344,363.84538776998943,0,Thalassemia
9.178813969418197,93.97612131831583,8.740380479759441,310.3294101675579,0,Iron_Deficiency
9.931493087448485,47.24493546167573,16.63832435557898,271.90465625272657,0,Normal
13.592422094345133,107.06049645736873,21.521393927310186,344.8088064702941,1,Iron_Deficiency
13.209036743213701,80.32492446213791,1.118111656397814,338.40620480809264,0,Chronic_Disease
11.441475536900386,95.2981938008502,3.281301097117037,529.8701540441866,1,Chronic_Disease
11.82851667326459,69.52112887449363,20.447495993206168,390.30718777524874,0,Thalassemia
15.07746170820759,89.35328686075084,10.508150404776448,263.5667749472034,1,Chronic_Disease
9.843600111259676,69.35901324191613,32.65692096403646,320.465819708034,0,Iron_Deficiency
13.031872667276106,74.51477247165033,26.409780531292753,431.4968306800579,1,Chronic_Disease
10.933860573185097,104.96837624640143,46.7059224874342,506.1909941008947,1,Iron_Deficiency
10.890492630963783,79.71181119083984,29.481421602567437,248.98116814334293,1,Thalassemia
14.576575185564133,84.60919447815668,14.049950215100154,228.40529304026686,1,Thalassemia
13.811165777166483,92.44081276826505,27.942326027640373,490.96756227602475,1,Iron_Deficiency
13.777826980801787,87.94818265567126,8.05273799950323,387.27299241596324,1,Chronic_Disease
15.15534066003212,83.80502686172292,9.143378697024861,299.21950876865435,0,Thalassemia
11.558810756571726,86.3795320295947,38.895670396257934,397.42403602857047,1,Normal
13.4094683196259,110.8409870228593,14.783703222891884,175.49765826881855,1,Thalassemia
10.631253081538324,81.30857443559698,40.034305756733666,360.2362854618013,1,Chronic_Disease
12.407665786967637,84.41318856057961,43.20868585554682,382.947482099016,0,Normal
11.135599447770483,94.60785275209135,48.721270806448636,424.6989097676481,0,Chronic_Disease
11.771588701979612,95.2663111954958,62.113238774829426,289.02728333952234,0,Iron_Deficiency
13.166439671223358,96.24436366672457,14.096221767495232,365.99810129823516,1,Normal
9.208982086946277,89.66476266435022,9.599935603578679,295.2202761758289,0,Chronic_Disease
17.35868437191929,68.2839410472342,21.81873574625208,377.8768628972022,0,Normal
8.683151331800834,101.60117838761315,11.59745457431475,297.3257574345883,1,Chronic_Disease
8.10027188419435,68.24385528377574,22.974494026881583,331.4329412587846,1,Normal
14.74271044580019,85.6316255828684,30.569196809236526,290.292922364684,0,Chronic_Disease
13.71665554309622,72.9486897997677,29.15127676685218,405.57953692765597,1,Iron_Deficiency
13.247535487746035,81.23033984088408,11.732212606019496,420.09157816596655,1,Normal
13.259367425939983,85.94514892364177,4.563845645120409,343.57656010298103,1,Normal
11.465709036028638,85.85628658540328,14.076200339946526,362.676659647202,1,Normal
8.987687759839671,87.06304905082342,3.846097374652513,258.5986009756519,0,Normal
11.712252762942434,101.36453522870376,55.20393601342667,339.0226346395249,1,Iron_Deficiency
9.603947207766087,87.44241161816775,10.611514404348501,356.4856768070779,0,Normal
14.230335253569702,79.07012037651222,4.194487588129998,543.4555163720983,0,Thalassemia
11.088239331794012,93.56904601946029,0.6444288599169166,282.1623081958085,0,Iron_Deficiency
9.188607848980968,96.27364586709568,25.948918950515182,462.49240671267063,0,Thalassemia
10.600119643371618,67.26870621835609,25.327084574920498,429.7801141426066,1,Normal
12.656208071971749,89.1688008381983,10.41078167776854,379.64454831430953,1,Chronic_Disease
9.92157125214887,90.41407290773078,1.8603282444068632,483.1034338936593,1,Thalassemia
9.197782892413992,78.4292379596801,13.175098702793656,386.0473830824804,0,Normal
12.182324192177354,98.50848175973944,9.320743138207083,387.241143696755,0,Thalassemia
12.185906399104423,80.19933295560968,28.261913078967538,356.2815542887718,0,Normal
10.080559108960836,83.50691744165852,23.27110615014589,445.6498217693039,1,Normal
10.181092744268696,79.92313810859356,11.337267163972294,436.75284636676184,0,Normal
12.149739824601381,82.1869485709776,6.144078730606207,316.2025898752651,1,Chronic_Disease
7.445363843807493,68.84469895725758,110.64625773411325,267.65269637808626,1,Thalassemia
7.5591014317456455,64.71938940886847,15.128481811632344,345.791355382304,1,Iron_Deficiency
9.488356180493179,101.13406075869966,29.140785962983117,303.99730049216475,1,Iron_Deficiency
10.902347975206828,71.83646382018007,3.7866520523670637,355.55327977692514,0,Iron_Deficiency
12.370541183674412,70.10329180652431,16.618352056723015,446.62066942788977,1,Iron_Deficiency
15.630997407458745,56.15931863675542,0.6980740605731328,327.9888841439247,0,Normal
13.901446944965654,74.33245902772597,17.60293423676755,357.0023633081898,1,Thalassemia
11.052172116102405,66.12292247911002,83.11799971280371,364.06159143658766,0,Thalassemia
11.446754617872472,101.70418192163643,12.12109861986855,419.3901617543699,0,Chronic_Disease
8.692917779014136,94.11780507211161,0.9944180193695784,202.71774662107762,1,Thalassemia
11.448163219221309,73.74219585786732,0.7861261181459134,317.5309793664293,1,Thalassemia
10.691755811023613,109.0292296641317,12.275034065752036,374.7898584595631,1,Thalassemia
12.40361196894665,93.78118584389914,4.359576846278271,444.0055269498803,0,Chronic_Disease
9.183753358053496,78.10202339789653,0.5907269270300141,325.5668286745656,1,Iron_Deficiency
12.954170239875282,52.00713142151713,35.286572603572765,228.64131057706882,1,Thalassemia
15.791668956407218,109.4913108710889,15.336367611345384,403.37980121762956,0,Chronic_Disease
11.1954715843208,65.32513039883685,8.53567932073339,315.52463278220597,1,Chronic_Disease
12.624792821877037,62.2552150365173,57.58543173303858,276.7233338636747,0,Normal
13.432403176791114,94.27084518411569,3.0863855874466326,316.29582272007434,1,Chronic_Disease
10.37658267871966,111.27702887607127,78.04306370352437,347.0832249640905,0,Iron_Deficiency
12.127458949069167,98.61127382212622,9.420728387263157,317.6678734823251,0,Thalassemia
11.535258722189026,88.76690944062831,54.8216783892027,205.61037600306517,1,Chronic_Disease
11.77349307593673,89.13705209998344,23.091878017119306,422.79463378209925,0,Iron_Deficiency
9.335572605204694,92.2409867053637,43.8193387844096,449.2412528895106,1,Chronic_Disease
11.56862848792504,91.10714307744118,103.39973990000706,405.6065393937654,1,Chronic_Disease
12.894395215487258,85.37429708763251,8.506174122465291,280.36200307026286,0,Chronic_Disease
15.563202101826116,83.25041324742251,81.19184164899137,345.89559262367374,1,Chronic_Disease
14.18595831303858,81.24888246520572,12.336183242290547,359.5435079339379,0,Chronic_Disease
17.528910881032356,72.95242493359989,12.174143080249005,401.9156072693337,0,Iron_Deficiency
9.351426823913462,78.63189907759872,10.40255344076199,406.78383421026564,0,Thalassemia
13.942497782817899,61.684518229655374,19.489837422347005,308.6078340855053,0,Thalassemia
12.013357616067385,80.81992447846301,4.185184497797165,365.7396889489492,0,Thalassemia
17.63144821300948,70.136906714189,20.169741057289183,392.00962832306686,0,Thalassemia
9.236764801005576,68.75692819341074,19.50604470223782,461.90756255027367,0,Iron_Deficiency
9.148778841893828,84.15872981384175,35.87680345766239,409.3154577877306,0,Normal
9.821700592756738,98.70402743613519,44.841526192711335,415.2339681162863,1,Normal
5.553091971932541,93.01979927202775,14.515173288626638,365.86786395505527,1,Iron_Deficiency
10.027885939293869,63.15399275652187,9.000343120723667,458.73214016424527,0,Iron_Deficiency
9.374428547649647,70.12446236115595,7.505167726053433,388.68339571716484,1,Chronic_Disease
11.92110260213338,93.2892542558586,5.411145677753047,299.72384628785005,1,Chronic_Disease
12.456916732176046,70.21015127754029,1.48439894520952,458.2358979087634,1,Chronic_Disease
16.753278349804482,79.30440220003571,10.480784960424744,408.85322907773195,1,Thalassemia
14.16118674692094,88.60062518829463,7.876252667629224,328.98691852100626,1,Chronic_Disease
9.884669764145272,70.37986654163637,84.84366956074152,326.43549228205296,1,Normal
8.984438920224598,83.26450607375152,20.394671241352885,380.7602881598533,0,Thalassemia
12.877373680218216,65.99169406098154,10.66506238792752,392.42293566873093,1,Chronic_Disease
7.803347020342202,74.78358827258543,21.715363090564317,373.81045859418447,1,Thalassemia
16.62808454439219,85.83738320971044,3.7472314375536193,381.791607141002,1,Normal
14.802432338019603,62.88407519761997,14.676641836072573,478.9970162203466,1,Chronic_Disease
10.186308174106827,87.28569685552479,24.603155144550282,435.008020656442,0,Normal
6.703223318545542,81.76434641287983,16.779644274486877,373.3444913885517,0,Normal
15.290842647663156,88.62987945300577,12.8448673713938,425.89174065372384,0,Normal
11.17928843329267,84.68696960877594,127.27603159856152,287.72332675307223,0,Chronic_Disease
14.965885673525692,98.36968515968613,53.07225000616992,387.85489349627665,1,Iron_Deficiency
7.035602555375773,83.5026940317749,24.414687095170194,486.6514444813177,0,Chronic_Disease
9.821749935729436,76.84713350649696,21.06307800952842,344.7367873225338,0,Normal
11.514682359210912,83.4675700363874,24.233091082998858,300.66562499666406,0,Chronic_Disease
11.631545662541278,88.51957634843666,5.6196258146446265,314.35377779848574,0,Normal
10.239816679858118,82.58632084390845,12.568863042254922,283.7256873860328,1,Iron_Deficiency
13.243979810572997,82.48710029444659,1.0064791591440052,305.06666643106075,0,Thalassemia
8.510662797728736,73.57609974631893,16.13494072608949,334.064433098698,1,Iron_Deficiency
11.101337441940379,74.04518898938862,19.578142093824365,261.61030865749507,0,Iron_Deficiency
11.836827768793317,65.16873673840368,6.461165136473642,361.0932833764722,1,Thalassemia
12.940428735364497,102.99492091824327,83.12594929749442,423.15940216506533,1,Chronic_Disease
13.49252165864889,67.07364117530457,60.04760043496608,296.4570673897156,0,Thalassemia
8.351002142853966,73.68513762644912,32.01623833809488,466.34987465492384,0,Chronic_Disease
7.204480321940258,73.37911281316963,19.056356576648312,395.75544619693164,0,Chronic_Disease
15.077495101315826,92.7390925233333,50.99959057956551,432.14064099368403,0,Normal
12.430479233542856,78.46060386049567,3.500304226905773,313.9515812303504,1,Normal
9.40423769764165,96.97290487208481,39.07695728570587,419.8167658946631,1,Thalassemia
15.843225531463064,73.91811250907358,3.333165738800596,283.5646269723281,0,Iron_Deficiency
11.823888976020005,85.34792994668562,39.52255667935422,422.31732505855564,0,Thalassemia
14.802032115378713,71.97583536088291,8.066072494783565,372.02875378554717,1,Chronic_Disease
11.689051747948305,107.74178953328067,52.40769064876123,398.7275853989349,0,Normal
17.270094189669564,67.74881897164585,72.0788886587541,277.7083776062604,1,Thalassemia
16.414954358840973,85.71784852272432,4.027585630365239,297.3451110406377,0,Thalassemia
10.802900384258594,89.60532257118518,15.528831986477915,401.80597527773693,1,Normal
14.220398662672196,86.96558916941798,99.06630532857427,293.615639704306,1,Normal
13.307052658838414,79.7765480934675,16.51251981218453,392.4244404469386,1,Normal
15.332168361090575,80.44215160319888,49.794471881630315,264.3003535477828,1,Chronic_Disease
8.798214310375707,82.52573766374931,22.212726173106248,419.37219488666676,1,Normal
13.42094408799563,80.23597598045814,11.763290532009105,273.72336796620436,0,Iron_Deficiency
14.463588563178845,93.56654940153892,8.414230476501897,398.66099563756666,1,Thalassemia
6.5755294380152804,108.52627601909622,5.6795138227096595,403.79416535522006,0,Normal
8.18687616453583,75.310098579906,35.86592573042389,311.22597270992975,1,Normal
5.790149902271719,65.56236424505106,12.216026070059398,400.7418596959309,1,Chronic_Disease
10.745660863555239,80.94061541978495,17.89890664035155,378.2309584333489,0,Chronic_Disease
13.509118316228694,112.95651205185182,16.947868635222726,322.28107006650833,0,Thalassemia
15.706599745868878,72.35590518436322,21.52607402933875,289.4011721146654,0,Iron_Deficiency
11.70746538517537,101.6694016653288,50.169120447828675,222.61620158291947,0,Thalassemia
16.060123527599618,102.13240976891728,98.74226978339206,384.4755033109786,1,Normal
7.635715916998304,75.35694109950407,13.088663506216673,250.46380600465613,0,Iron_Deficiency
6.730529169805568,88.8277969502233,43.93669354743383,366.6740939608916,1,Iron_Deficiency
11.344466443089468,101.54075947754245,36.154059912564655,341.5586248742426,0,Iron_Deficiency
12.57538325703006,77.45046710815015,21.30526989611657,407.5399942806737,0,Iron_Deficiency
11.40845470533654,79.55703567877165,78.11594162994837,338.85681503570953,1,Thalassemia
5.711162119888346,75.01982903261627,5.593421792611253,336.9386549557036,1,Chronic_Disease
11.250463889364193,69.8229192316856,2.8926856954941127,411.23094930018067,0,Chronic_Disease
7.847485398586411,74.20866945920791,48.09720477231965,383.4540620358882,1,Normal
13.375083136724108,67.31271679885292,14.45753654868691,382.1309170027945,1,Chronic_Disease
12.526475089071175,82.40900161911071,46.927845275814825,392.84873128659683,1,Chronic_Disease
8.868336598283406,72.7603212272963,55.89424598217793,252.5099513755026,1,Chronic_Disease
10.061172631457259,84.80543094148898,1.612332217189585,412.9752075990887,1,Chronic_Disease
8.534202138710937,63.329252245556475,53.739039701758074,402.87281558095214,1,Normal
11.324498527635118,85.97056278657348,14.869634966710619,288.8321809996452,1,Thalassemia
14.174398497403468,92.0023475393071,17.855822706152644,342.9143668428059,1,Iron_Deficiency
8.739967070260478,58.075172289142536,24.627124802132553,357.2484898660658,0,Chronic_Disease
12.911330243449964,86.48867883817087,65.2218489891194,350.5852250918787,1,Thalassemia
10.015278668557166,96.7320279096795,0.48252923413964605,383.37019765979744,0,Chronic_Disease
9.279956069665436,67.48430777570553,16.19686409844558,460.19567472818284,1,Chronic_Disease
11.200314992127238,102.07086864205245,29.09653995334146,435.723670937098,1,Iron_Deficiency
8.601321497225753,87.02822811239254,32.06701043862761,268.1446564598016,1,Iron_Deficiency
9.94978194502789,73.53985773089909,29.4846416427777,403.54489932142343,1,Iron_Deficiency
8.145941900751225,81.33077106810752,3.609323889882733,453.02533236747865,0,Chronic_Disease
17.00123037216589,88.69992295026067,8.895296782744351,387.0765964482442,0,Chronic_Disease
11.59873794552084,82.91206469694893,11.107053060233367,436.3686297630177,1,Chronic_Disease
9.540768577620762,88.46507190935642,40.79684406966304,500.8589311990536,0,Iron_Deficiency
12.099143750055822,70.9519168830476,8.1695787294158,431.6596682274887,1,Normal
11.185481460865677,84.03232988843294,5.915377280906213,377.451601694921,1,Thalassemia
10.881285121306977,65.03542603714024,78.92572172375021,433.15619318593275,0,Normal
13.21966676012159,80.6652872638156,0.2225699418071309,370.14214831678237,0,Chronic_Disease
13.621021588132454,71.15310830242252,153.22057484760217,361.6732130299469,1,Chronic_Disease
10.014596786690523,73.1736406889228,28.23874636091883,335.4010035000387,1,Normal
9.887708926194897,96.83311810252525,44.07482541095925,469.43893511824757,0,Chronic_Disease
10.729855247975397,95.09572144713123,8.725443962623016,302.7099933840599,1,Thalassemia
5.054620738740363,89.30965745088612,0.36046824345028805,467.26574072746814,0,Chronic_Disease
7.257465025844055,68.89224682392906,33.47282196086751,394.99048866182596,1,Thalassemia
15.327247948844668,78.20309860366238,44.91597341233502,262.0485677638641,1,Normal
16.105909597803596,96.5571723997502,33.72266508870235,385.7354505093995,0,Normal
10.802699089242141,83.70060296367886,3.853567042755542,212.99814446438631,0,Chronic_Disease
13.114359496556146,109.83195447978034,35.00252309010635,403.7855611781725,0,Thalassemia
12.3715004327219,86.71981407273246,36.62508369320041,421.9662038092294,1,Chronic_Disease
20.120866263674664,84.30458939788038,26.863156183297026,318.53508310435626,1,Iron_Deficiency
14.634809752016814,78.29060242956999,36.32324314231033,368.64833871689075,1,Iron_Deficiency
11.141830743853854,83.60249085738738,46.75731686697012,496.79102036252004,1,Iron_Deficiency
8.824486766318808,80.17036196343348,23.77232060782326,324.59773070166443,0,Iron_Deficiency
7.0019503032787975,90.49730412026308,2.3194643098728935,285.876468906038,1,Chronic_Disease
12.069698180428224,93.48042780153501,16.717599594690554,463.7164381723819,1,Iron_Deficiency
9.38221791320395,72.56812647390461,2.0207449143581333,497.38110333715565,1,Thalassemia
7.517689613126513,66.02520455730667,13.086925870633381,360.2586970293493,0,Normal
9.689595924120926,59.96553552276044,13.068511826265777,430.8024124785849,1,Normal
8.471665589879693,88.09589592295052,1.707234514338769,453.9033140871617,1,Iron_Deficiency
16.22399657820318,68.75960072591351,10.724249932484517,308.0261037223131,0,Iron_Deficiency
13.968591319458461,56.165312884570206,2.9413976219518125,326.02859152424924,1,Iron_Deficiency
11.477676604313471,86.66294325437157,41.287142751887004,446.16121592083147,1,Chronic_Disease
15.643843588892073,111.91599420919349,73.76324962654996,477.95099950959565,0,Normal
11.716631261413331,81.92714906152128,1.8766158433113942,399.40166021220483,1,Iron_Deficiency
9.088404236280862,92.0618892934197,77.59140585171714,298.4129952548562,1,Thalassemia
15.76474741635504,82.98195230257078,18.483788734719028,499.0942778189609,1,Iron_Deficiency
13.008948122317044,80.81332416170629,8.901366906965052,322.8320371531625,0,Normal
8.595710767885922,93.02891779585322,1.999415618489302,336.5403553179984,1,Iron_Deficiency
10.967051701365897,78.51670546973618,17.35991241928484,383.9636484142735,1,Normal
9.04826889052268,85.20870776886284,39.55962225494044,468.79122945003417,0,Iron_Deficiency
7.628160753299858,85.86037367435216,30.696946444591244,419.77831835865567,0,Thalassemia
14.093297133088596,73.98291455628342,1.2882807374011616,389.0405850253337,1,Iron_Deficiency
16.846366593316365,93.90450819443828,1.892395601456312,392.43019710826746,1,Thalassemia
7.584010793306405,79.90048291965509,12.890648280402193,363.04602680504263,1,Thalassemia
13.076313862733599,72.93105808608587,8.749240234501226,399.06976601629543,1,Iron_Deficiency
9.678200806458884,88.43811812284484,6.6116522933139885,182.93079456139878,0,Thalassemia
10.136048925458851,71.21838421850755,8.247504461387791,339.2374778651141,1,Chronic_Disease
9.841297012131166,82.33817388842954,40.675125778917895,376.89253544417465,0,Iron_Deficiency
9.080825844896514,81.89057204026956,66.2073148635857,279.42901414663453,0,Iron_Deficiency
11.635860558245515,95.03074678997893,12.98416210443834,387.0426322468092,1,Thalassemia
9.173339674049094,87.69637879455944,59.141051706072254,345.6870145309715,1,Thalassemia
12.257279112183548,81.69967649505827,9.69661160143124,482.8832988820843,0,Iron_Deficiency
11.359333293542416,91.81319559040344,16.177447149738107,470.11138076504,0,Chronic_Disease
10.830945468774052,98.68249058820776,6.405521774319715,327.3936101617286,1,Thalassemia
8.958821746283526,88.69372367622235,25.574361549288614,349.44136019033135,0,Thalassemia
9.885040274408668,82.12423143812056,96.55834919940806,354.8236704074125,1,Normal
13.615095432312117,66.25796521179808,23.1265456452524,328.3838366688264,1,Chronic_Disease
12.902568125348266,69.21863604309553,11.071935715167104,373.6517488819689,0,Chronic_Disease
8.762845314564057,78.33730354774399,26.090140461887096,306.9202551778687,0,Iron_Deficiency
11.778130455201833,74.6858535740886,3.2789461063077665,280.85692655437316,1,Chronic_Disease
13.603883945441009,79.75634436417465,54.878960891657655,403.5897856730188,0,Iron_Deficiency
6.82566521286016,82.67979909876529,17.483354555080865,404.06707089552674,1,Normal
13.021408538663819,88.35631305228077,14.916385297652546,303.69789682380053,1,Chronic_Disease
9.64465347495163,81.15401466329091,22.03906901349901,422.674880153382,1,Thalassemia
13.097676272060847,87.83801972591442,24.506326328795673,315.7895589584268,0,Normal
9.362874361680953,82.77369297772144,1.8620496813916243,377.7215666626587,1,Iron_Deficiency
6.446330118139347,58.294401203753544,28.691168238109498,417.4240808828719,1,Normal
6.9428811739271445,70.72797527417495,6.924544147287762,357.6471204707401,1,Iron_Deficiency
11.63463785065187,80.27094933134062,31.289946531738337,391.8318638498794,1,Normal
12.22722300482015,67.48366308590671,43.22451784954298,323.84992492787,1,Iron_Deficiency
8.967913449707655,89.19914475995445,40.735723649886985,346.2473391600332,1,Chronic_Disease
13.288058884576646,100.36900998812436,20.102022576872564,345.5898398383762,1,Thalassemia
6.847743825646913,96.6251422203678,18.358079501165754,307.7395157421833,1,Iron_Deficiency
11.314976563787514,79.4386855488375,3.8543158741062724,347.6258085818952,1,Normal
8.109154640665123,99.88871364219942,37.329862690935705,251.59671907953773,1,Iron_Deficiency
9.674858898153955,83.78400948642535,7.916081727715163,325.6192377000527,1,Iron_Deficiency
11.63271627968596,77.95496834658353,17.163994272493067,340.05871546412305,0,Iron_Deficiency
9.090842577204933,74.63916803750872,8.361449916593552,342.0674173253234,1,Normal
10.423244476156489,78.37036376214246,3.591804872682405,343.09517878904546,1,Thalassemia
14.317619865800433,77.34187817750525,24.82643933689806,355.67650600979096,1,Chronic_Disease
9.884702765335184,84.04499466850585,1.3965939931479092,393.56090626602446,0,Thalassemia
13.839937913782396,83.92688777259838,34.52224819795201,421.21619518927656,1,Iron_Deficiency
8.33682080695867,82.03655224184098,9.552998313847413,314.5164341206213,0,Normal
12.983451698162792,87.24325803695619,0.003367551910066843,275.7759401227599,1,Thalassemia
15.536392137842121,96.28775529743609,17.89142282011113,287.0568911429828,1,Iron_Deficiency
4.57939539964359,93.39464962529588,1.1996248090313044,325.8957955163551,0,Chronic_Disease
9.268693284682666,64.18122437860116,8.079952747744493,335.36550775284434,1,Chronic_Disease
13.115801956105512,51.352946381176544,30.687560639833077,306.100275366178,0,Chronic_Disease
10.93147291907962,93.21183893487128,1.6185201164706695,269.2718335025074,0,Iron_Deficiency
12.539208445439664,65.59745561901495,45.71138910536966,328.07154207680685,1,Normal
9.808841477195703,79.3028151772878,0.09568092990990142,372.699863407978,1,Thalassemia
11.74245140492412,67.95864368728769,7.086404327287388,401.65206260848953,1,Chronic_Disease
11.064103740902178,60.37623474903977,33.7639211577776,320.9803862824175,1,Iron_Deficiency
14.76978977264746,88.49755273845746,9.504809877993743,331.0901524499596,0,Iron_Deficiency
12.212378361243397,91.10986192363177,2.6866345685948376,295.13111838068824,0,Thalassemia
12.445287453810566,75.08187519127937,11.1663166891202,357.79925807376566,1,Chronic_Disease
10.346744494857091,50.90749249426108,7.881240962218901,300.609995606643,0,Iron_Deficiency
10.134702572597018,75.44506662097021,46.24190342842573,400.118946926884,0,Thalassemia
10.28883707410506,86.70164806483056,9.398188632345994,234.98934556461222,1,Normal
12.604465998659231,64.25306117471045,38.88942894328377,334.82592292832766,0,Normal
10.321243453703264,84.20031903734987,55.611022692600706,381.07751374342195,0,Normal
12.311369599309955,81.81628180992405,14.22096681358241,372.8684161425753,1,Chronic_Disease
17.311122236207225,88.95149799521306,60.182851829029914,548.5123564786347,0,Thalassemia
13.939149169608738,83.43496442096983,11.8429852639879,384.4860017197535,1,Thalassemia
10.587134109930044,70.32317270942133,83.1604238042179,289.7161782210593,0,Iron_Deficiency
14.863398982059046,96.3588580199739,2.3382560453090377,353.3175027037649,1,Iron_Deficiency
10.357388955539657,80.09764512367636,29.040341116499707,235.66275665734835,0,Iron_Deficiency
5.79325130150201,81.67234552588081,17.021279205778832,354.35801754922676,0,Thalassemia
8.677358329431268,70.80078449112165,12.261232844062828,301.6860760099469,1,Iron_Deficiency
6.261782621127605,76.68061298570187,25.040216685133192,424.07731928921135,1,Thalassemia
10.515762244684336,71.3823674316772,30.422828565878106,321.5321807783126,1,Thalassemia
11.551571461730745,79.92464728091892,0.10932041229366031,351.82638589433276,1,Normal
16.194024474370792,102.54050176170813,4.566633059280225,315.5109511016918,0,Iron_Deficiency
12.415396646539655,65.53718628482372,31.210838281716658,481.7195946297332,0,Normal
10.88651851933518,62.6372632254791,27.44422212918681,337.5130063717462,0,Chronic_Disease
13.82233562731377,99.6540439299233,84.56982352601354,488.2789930435441,1,Chronic_Disease
5.308821134777922,79.48811587417761,35.786246443918515,416.99062334827863,0,Chronic_Disease
12.159720762703985,73.971127136081,75.28267720942198,393.744670913477,0,Thalassemia
13.658422542883507,94.47885624875292,30.311930071927186,385.81132031222637,1,Thalassemia
7.359958511816444,74.73261352315762,8.84740622508162,387.56581087513763,1,Thalassemia
14.7025113209794,103.91211656256323,2.7834844553008975,225.0629194458073,0,Iron_Deficiency
12.447789940984359,90.13511045607123,38.06131440286202,340.47816240944707,1,Normal
10.337193841077756,76.14506310225157,25.831094936300623,419.1610579829025,0,Thalassemia
13.271789225097598,107.88769855918605,1.2346413612885498,356.5771971568126,0,Normal
17.85794000185231,74.73142092395994,11.159148967693927,261.63671072374973,1,Normal
12.009225514163786,90.90514446411169,78.54776281360286,356.33168845957715,0,Normal
12.195017641640941,85.5915109648779,17.348744849708762,479.28738613788437,1,Iron_Deficiency
10.213789481287316,97.62089547278558,14.172959376813726,447.28242008743035,1,Iron_Deficiency
9.120435765498582,100.73813436072223,15.298379926249972,355.6597193443778,0,Chronic_Disease
13.824940286323887,82.3840497887892,5.857726481314895,426.60144939406604,0,Chronic_Disease
9.102965287455172,72.9589855558458,11.499636313979254,334.3445085742364,0,Normal
11.7003854642143,87.5196657152694,11.543477111300934,240.72898892212967,1,Chronic_Disease
10.162559149057673,73.86741556297473,1.3443835184024453,295.28738083093117,0,Normal
12.841143512089898,106.16064697031948,36.47889929032625,469.40221379557386,1,Iron_Deficiency
12.434253894803456,83.63842397299285,13.467960566594245,340.8204842719487,1,Iron_Deficiency
14.405111843922118,77.61614138425469,43.17457099457245,342.9631214437487,0,Iron_Deficiency
10.071954083206709,84.2161636703789,47.486067193471435,339.0113262607584,1,Thalassemia
10.74435018117856,65.83448452564365,5.956241108851562,493.2895612701105,0,Normal
8.75946159580954,70.34063153787218,26.776398086782738,473.81712407534445,0,Iron_Deficiency
10.255978871786889,96.4049668953331,15.97982144401858,515.3146163413694,0,Normal
12.556441380525586,74.11726865234326,53.039263482558994,348.8668352719964,0,Chronic_Disease
13.619568126606985,69.43706820781672,6.075388674157431,380.69371421229664,0,Chronic_Disease
8.91793709230265,88.43983303032743,28.31559445958612,253.83502154054463,0,Iron_Deficiency
13.934896576295849,96.22844985595596,23.396532446077252,463.3854098282792,0,Normal
15.295786004653863,90.6274397279808,8.749629884753976,278.25543141124456,1,Iron_Deficiency
12.657617729026363,93.9525722296698,3.6719560620171885,375.174289463384,0,Chronic_Disease
16.755028275162584,72.91845893716648,26.36295408963571,283.1888230657009,1,Iron_Deficiency
9.333390242509996,64.93827199909788,33.542343844636775,318.77932212829126,1,Normal
8.014966830728033,100.01600382346584,9.48131726650442,301.39162982652095,1,Chronic_Disease
6.51958330306802,78.12784193389437,25.879151567012453,317.44873175269277,0,Thalassemia
15.688924072169712,78.99000380253943,12.568580514534187,322.2614107795715,1,Chronic_Disease
13.332223837791362,97.9383297021887,31.224854270818764,321.6211843552446,1,Thalassemia
11.344362921450726,88.67476011280792,5.554078142651775,418.3333738246215,0,Iron_Deficiency
12.283912153695496,87.47065326497929,55.23078488182479,282.6596044856236,0,Iron_Deficiency
8.348630667564546,107.98002813881301,8.471212318365469,375.4378998909707,1,Normal
18.34810554292711,74.27778123543828,11.463182879708473,445.2571406613891,0,Thalassemia
11.861819309530636,93.13408153697485,1.4961905710926522,324.0762544840623,0,Iron_Deficiency
11.8063054248937,82.68415749876502,2.955859408917784,309.7456776476679,0,Thalassemia
13.532146546916339,85.22310734635909,18.134627199710152,343.8632762373824,0,Iron_Deficiency
12.846825848862798,100.34162111695038,7.785461680643115,442.5807645852497,1,Chronic_Disease
12.126875267981568,88.09402907547549,45.11811269367516,373.58753416673505,0,Iron_Deficiency
9.286671524753126,88.4595529485956,0.3700601423610427,322.8149993774681,0,Normal
12.820111399980789,94.87008804771763,11.91439139136768,393.8713655831628,0,Chronic_Disease
16.769668590130095,77.62056724548538,10.287540283541075,282.83954951145034,1,Normal
15.267176129233937,71.92948399193192,0.48792129174692783,407.69516573100634,1,Chronic_Disease
15.960922554590312,69.4622896717476,3.3202455826147177,388.6025115391237,0,Thalassemia
10.06859610599268,58.40372092748798,13.345647636893638,338.4534070202781,0,Normal
8.729106503275974,106.67448555928387,16.9744304808498,301.2989941086938,1,Iron_Deficiency
11.147796623720986,68.7614996113398,12.950022080993048,297.932335440158,0,Thalassemia
11.656029754408346,79.34495651697074,18.925490937833064,397.4372135442137,0,Iron_Deficiency
14.563736251718655,78.67824040133296,22.60483469908792,446.02863517423435,1,Chronic_Disease
6.761099036798506,85.68888037370921,0.24933476145381794,315.38845770798434,0,Chronic_Disease
15.782740894489718,91.78884655047156,15.594966749165472,392.0870692486039,0,Iron_Deficiency
11.05757788397883,92.32568186031695,82.76055552524096,213.9081086978552,1,Iron_Deficiency
10.304733004147224,75.00307073717273,18.29887803962064,319.076758853996,1,Thalassemia
8.66610774927153,79.99453943456307,28.294580330597412,357.8258746990369,0,Iron_Deficiency
6.866401318775845,85.39095940585959,9.344214492247009,296.32216081127166,1,Normal
13.80487763509336,79.01570648579744,37.17955326677494,294.4445537647283,0,Normal
11.70529030812753,101.28814691223991,37.061485662242,313.255431047178,0,Iron_Deficiency
7.888109480725049,87.89169941965902,18.416823155068915,380.4534909828461,0,Normal
7.8737794382218755,90.8185334325978,93.25693961339611,346.8869687115538,1,Iron_Deficiency
10.559802841987642,89.95457522400895,3.354010182109372,203.32381366725195,1,Thalassemia
16.1732602708103,96.08168628982389,0.42732300146168,211.55098931554537,0,Normal
10.773144216181906,84.17225870444449,36.75910209899457,317.51943754999775,0,Normal
7.291199731269303,66.43801662452984,41.146782701648654,392.03806102374864,1,Iron_Deficiency
10.811919420559356,86.7962554210317,3.2017221719617663,167.67466100923357,1,Normal
10.736374004706523,74.18371727449805,7.716951608700871,325.01888766938583,1,Chronic_Disease
3.9487173997636,75.65659981900292,0.44270581766162503,323.1626500437805,0,Thalassemia
11.347974373750127,89.03636822506112,8.679030396291415,457.18364447459135,1,Thalassemia
10.853383315415702,96.85939685720363,37.0857613032028,333.04847318009956,1,Normal
13.44937782147757,82.25525892083274,18.24323188930175,386.809228931865,0,Normal
16.677077065846966,85.70599615118756,10.69643357733354,369.8879998061224,0,Chronic_Disease
14.65438208273372,102.42657933562286,11.620001578984136,210.86034641349596,0,Chronic_Disease
10.747111666446475,84.88903815386281,0.03386356735869537,413.77450516422164,1,Normal
8.401727455523323,113.22019737016474,8.909750597780176,375.07775538194016,0,Normal
18.70540744909961,88.78611574757853,25.993877164012936,395.57880477722125,0,Chronic_Disease
11.665811615240568,60.87084689013019,91.4291363571295,634.8366394505429,0,Iron_Deficiency
11.53900201735625,91.04009945325438,46.94287496561728,214.11209423509882,0,Chronic_Disease
11.43244975609199,86.57390061859333,0.5969445853879125,480.7287654832776,1,Iron_Deficiency
12.054637330149994,97.47703304899295,57.207343730556474,339.8786736419751,0,Thalassemia
11.09579084661296,90.0781762152395,38.21931726775381,380.11302330821064,1,Thalassemia
9.893746380735339,80.33852819219472,37.89597120872499,356.814142828913,1,Chronic_Disease
9.968794964526902,67.30842116452762,15.31203632141115,330.30345666213697,1,Iron_Deficiency
11.408290843395205,79.4917209125677,12.687665649879893,320.1116950232869,0,Chronic_Disease
9.978410640825459,71.7937545494884,9.021224249557825,383.06561149011065,1,Chronic_Disease
9.50403180850394,75.03371860234333,1.6988047658567718,253.79784123298245,0,Iron_Deficiency
11.79800463753731,89.06294085304731,6.4768912608256874,412.5405417265236,0,Chronic_Disease
10.786063791221606,102.03885405221688,7.079095212523333,330.8663916580322,0,Thalassemia
15.711180368031528,86.73605835787578,16.544947113984172,280.89514626717494,1,Normal
4.077284536499567,67.6494032555778,34.40309706516789,328.49909994029304,0,Normal
14.556219185382893,87.33523201864169,16.052314715391372,448.0004451803801,0,Chronic_Disease
14.989038538993361,96.35957783974781,1.489622251562102,322.52654390886437,0,Iron_Deficiency
5.694507349257182,74.68260514816741,79.12733510991892,385.0917532746734,1,Iron_Deficiency
10.540474736575023,80.39179399992499,71.49697905880109,308.83306069991687,1,Thalassemia
10.459965575211784,82.17625833675037,38.449980893197946,413.05452949465337,1,Iron_Deficiency
7.558967254790101,72.58122024301312,118.69111208399859,407.9855417153143,0,Iron_Deficiency
9.322113274745549,89.77936520612631,19.658019416157245,489.4026183307488,1,Thalassemia
8.39038763269568,80.54862221670662,82.2649019945725,347.7105238150549,0,Chronic_Disease
16.406357241586143,87.03438932688434,1.9653963362292457,406.80583633305343,0,Normal
14.119899500812892,71.3500938663748,11.380072491156922,366.8647277677261,1,Thalassemia
15.060354265983644,76.75050039611908,6.384608234964777,450.711024730411,0,Chronic_Disease
13.520681779321057,90.66857629393326,5.448710613807705,309.68173286738886,1,Thalassemia
8.338655040591759,77.52600217489879,3.7939246842771253,412.1503719014097,0,Chronic_Disease
10.031343254416633,102.72356621480085,24.348899309799528,346.3711892718323,1,Thalassemia
12.87024877143817,77.20436577262477,38.003857278078996,355.50682760240517,0,Chronic_Disease
8.078042135102553,84.69621670902264,21.586433067395667,366.4226739113861,0,Thalassemia
13.496395604482686,93.19108998247708,3.973800391695629,377.65682774986743,0,Chronic_Disease
10.827088885157222,64.97961120480362,41.66658364536636,351.86396698146297,0,Thalassemia
10.450501738861128,60.87029425623069,25.261924705434925,375.0299228219368,0,Normal
13.490687910969777,63.692124225158864,12.282344869444522,470.4682640293529,1,Normal
12.743937272160911,97.15100924112619,28.0314414266767,428.9814779930653,0,Iron_Deficiency
10.489294735706576,75.37770224929064,7.524417364967928,420.84082147478273,1,Chronic_Disease
14.746123449419894,112.69839142801902,10.585338362349072,328.11223317832906,1,Thalassemia
8.473022682720288,75.22902881611134,62.36963504906762,297.7531420240173,1,Chronic_Disease
13.224619699443938,84.21461563836445,8.5800283222616,426.8710390766427,0,Normal
13.160683522311475,100.50531943081451,15.871403428247355,421.3232754770856,0,Chronic_Disease
10.633269969920827,106.07311465790947,55.21397010654376,463.0869473025687,0,Thalassemia
12.413172462277931,106.73804291963677,30.751191296093307,317.72135618215395,1,Chronic_Disease
7.996881986121151,96.50039476711771,1.6055503118518186,343.9315941247757,0,Thalassemia
14.087275653779322,94.28875030973755,3.983776585116394,245.23610862321962,0,Normal
10.98227401795963,89.1103233904142,0.19681244309934037,332.5270225757389,1,Normal
10.03637554254669,91.34033291399965,24.918667670037287,429.75993574056133,1,Normal
14.43722583234329,75.38577140405759,14.840394675255844,327.34532345402613,1,Iron_Deficiency
9.527837666480274,72.18161339893231,3.6046950147525876,404.83358566405764,1,Normal
7.556308370182033,81.95950651106858,79.21295858288056,346.6647825801532,1,Chronic_Disease
7.14143831413307,79.95778452970086,18.857471365711568,382.68399197550923,1,Iron_Deficiency
13.19682786376779,76.5612634080727,6.923278257730119,279.6616027129033,0,Normal
7.9147978130104075,90.35664936948058,17.35887630131289,365.9646614743731,1,Chronic_Disease
16.41342370955622,93.46366250284613,28.456213156831407,150.62048203694937,0,Chronic_Disease
5.670597657925579,83.06088263550217,1.9825533692512702,346.9172689286611,0,Chronic_Disease
16.250077831212106,99.73036097266314,8.029379414627321,245.86687293994018,0,Thalassemia
12.090848908167331,68.29973063039795,41.1221575587713,444.4196161582771,1,Iron_Deficiency
11.229203286762901,79.67608648864338,15.38914303893368,414.41851469351576,0,Chronic_Disease
9.97422655693494,73.39813215276634,19.773253190145088,392.66696873762567,1,Thalassemia
12.617581120185799,59.60156059512328,14.176787920057782,466.4704359011566,1,Normal
11.394622833210425,81.0078317698876,1.1223177225039258,293.5758435422614,0,Chronic_Disease
14.589245269646261,80.5390298994006,4.530547435629841,482.3154238540891,1,Thalassemia
11.81983741625371,100.16139691890557,14.744089185556902,425.2534094982269,0,Chronic_Disease
11.920844932093257,89.56974021465733,5.8672952062256,343.4411298946738,0,Iron_Deficiency
10.481885805801204,69.70975810804954,1.2817804884031712,439.49341030280607,1,Iron_Deficiency
11.340552253581011,104.24911079601026,46.39140115968577,282.5594541311856,0,Normal
12.361844952897766,96.65240434630424,99.337527579881,302.28400869306284,0,Chronic_Disease
6.71152850056145,88.98517244162339,39.39317341419356,317.39871937322096,0,Thalassemia
7.725080818104003,79.28219081380202,48.06691505673695,322.97156043551894,1,Normal
13.581139463263602,70.48672915931824,6.9260430677302836,286.0409650067823,0,Chronic_Disease
11.978423226758236,77.53351868714736,80.8668588714697,445.61581469667277,1,Normal
10.984846658212499,95.06498343645023,5.4827011710344555,341.88019197411177,1,Thalassemia
11.5516150125831,104.61503567121531,75.6186329550513,384.67534778498157,0,Normal
12.473228775012679,100.51892233926627,131.5703482997324,320.0754043510424,0,Normal
9.988672895133789,76.13380693856472,31.09581954211705,232.5577689616038,1,Normal
9.320746768873525,68.56459080053186,99.27274723566116,378.90401508739956,1,Chronic_Disease
12.048366714273508,83.69063496293445,21.072509063985155,226.14215172061563,0,Thalassemia
8.760556222677911,60.77872761324578,7.512151812307987,355.1956167740172,0,Iron_Deficiency
12.643107716000522,85.87801257021738,14.36170857482024,264.2179472817033,1,Chronic_Disease
6.732765908134048,80.22876896441598,22.508031594040446,499.1093199461566,1,Iron_Deficiency
14.381635784511802,76.4075619775811,1.897242555346097,423.7953905522305,1,Iron_Deficiency
12.82327295075652,62.86356319279845,24.344240084873775,367.4027653890036,1,Chronic_Disease
12.216883256078852,88.1632012788366,99.31800519688471,448.4594674358268,1,Chronic_Disease
14.25153475504744,75.60758992405707,5.271348527883343,300.7578815773985,0,Thalassemia
16.163328444495214,67.96099797147654,39.32706090390612,398.0435565069065,1,Thalassemia
14.340236182050765,47.53285344062021,59.62168097378143,373.98673036030993,1,Normal
6.345552152271393,81.66982113939237,71.9272258973124,378.4814056933569,0,Iron_Deficiency
7.917184493140036,103.26701916003692,80.55679236120497,449.06474500747373,0,Thalassemia
9.750507982452099,101.93511057457444,18.42536805142386,411.2744471945862,1,Normal
11.573054940590335,76.51484492096473,94.6434696214839,380.2106563977516,1,Thalassemia
12.949445257313544,74.77345527565863,35.399280593104336,244.15787946401926,0,Chronic_Disease
9.467917323170296,87.62529107290028,4.408629362021407,292.79675933043757,1,Thalassemia
12.02294694053582,70.0193747297405,16.19957080345801,351.4103746482993,1,Iron_Deficiency
9.384927789410696,85.62150279783359,31.675581973031296,366.53606619936556,0,Thalassemia
9.787750151622545,91.19296334061629,7.1035524994948975,280.88573927282533,1,Iron_Deficiency
7.5613489288249776,96.7231986866117,25.584038811533823,528.8173672904895,0,Chronic_Disease
8.914946910889467,80.79815108224057,27.46034363797407,466.14758386775014,0,Iron_Deficiency
7.715283104274266,79.55591499787641,4.43931359496274,402.1482824274739,0,Thalassemia
8.767554891663469,71.46420895892126,20.81513469271645,365.04258028986214,0,Normal
14.45019703050195,72.07743575152168,36.9193658010349,345.14537210691935,1,Chronic_Disease
8.84168311127056,79.28225329718168,17.2735236289984,293.3657077984435,0,Thalassemia
18.870669781544695,86.40838608179413,0.30442389719250834,365.42363629632035,1,Chronic_Disease
12.88129012246649,92.963015514799,0.22698909627260713,378.04267780999254,1,Chronic_Disease
12.017541146345646,72.36185259183586,11.041404795502668,273.0767597162863,1,Thalassemia
9.096598215492604,99.91226282751425,65.15790442631004,383.39234920714284,1,Thalassemia
13.460867662345175,78.74651678748917,6.491194274097924,349.1318665822676,1,Normal
9.888214086534234,81.74359246781877,25.1529031263805,226.45347094858263,0,Chronic_Disease
11.841627481007013,73.03345985022612,6.278156993262743,299.7730492454349,0,Chronic_Disease
18.668236707152623,52.9091168767247,9.703034213663893,331.0476126604849,0,Thalassemia
11.23103228077098,92.60854475633259,47.10379254385313,492.1381360138133,0,Iron_Deficiency
14.717965313599892,90.8421267651092,32.62813264065993,398.95871871736307,1,Thalassemia
9.531106009647516,78.62406931458143,2.5065405759167247,266.5162901630076,0,Chronic_Disease
11.402032226608508,82.80388860669846,13.996108769504465,394.0225402592346,1,Thalassemia
16.458241779779428,88.19127061244919,0.7400914950563035,251.68872077431442,1,Normal
9.744492238194251,63.249449717361486,16.390993865895144,435.78837377209516,0,Iron_Deficiency
16.5748559623914,75.65136787184446,27.14985667238864,327.0212743727485,0,Thalassemia
13.48170541927533,91.53117615546192,3.1533313359239603,353.44546678825805,0,Normal
9.92509302749605,66.948526921969,8.523025808175861,452.80576532795334,0,Chronic_Disease
13.270741669355457,85.52269518599955,12.680662107071258,269.8985501991025,1,Thalassemia
14.223152458954843,65.72101834451914,62.99708920742775,262.2017270420906,1,Chronic_Disease
13.24106789420815,87.59715978920232,124.97390189755878,319.14804715577964,0,Normal
7.103370784306723,81.5723022124302,1.1487765545420685,432.68651957135216,1,Chronic_Disease
9.464015907690369,62.618418209133885,35.783122007514365,253.64577471662102,1,Normal
10.806947820455786,95.97687225348605,11.619395607637225,161.74910813226012,1,Normal
11.29158639851987,73.18490107842341,12.458356922104327,328.4188799113701,0,Normal
13.237881873141898,72.27697075582743,35.08753627488355,398.6218559937644,1,Thalassemia
11.99756280261311,84.40683036677132,62.65624982092931,444.01832248171803,0,Chronic_Disease
7.761035795611717,95.78364819314459,75.36196966468015,327.5787046540221,0,Chronic_Disease
12.564553982816697,69.81013817225923,21.516823586136592,331.20013750187985,1,Iron_Deficiency
13.209640086794705,82.74015819817566,11.04497501623535,440.77305139790235,1,Iron_Deficiency
13.067413254206912,87.14579800396687,38.72610773942747,229.11808102132056,0,Iron_Deficiency
14.52618603155294,90.31726728715773,7.22545355696932,332.8035457371893,1,Iron_Deficiency
13.834982032736932,84.11729866332671,20.75707102379434,373.32967229475406,1,Chronic_Disease
12.785704221839623,77.59566593100013,11.10171029691634,391.4453104899524,0,Normal
11.303536007915788,72.06891735221537,26.723745574694846,324.3135314766382,0,Normal
6.849309386155226,83.03372659655649,6.874046722212741,362.4108708194089,0,Thalassemia
12.70293101357124,69.13433185617272,5.317239182111065,185.81708526109074,0,Normal
12.081525524056712,46.94379419806471,62.59889954474217,313.9226111366306,1,Chronic_Disease
12.260420744147046,87.23871764989201,2.6841654675947946,391.74560987881273,1,Chronic_Disease
7.9251039877031335,92.84721809303434,17.62836396024544,291.2394176021724,0,Chronic_Disease
8.473041686856865,53.64481077349794,6.238881722263128,364.1288955112718,0,Thalassemia
14.44882798933213,69.88323154348075,0.9926998428466662,391.28107505618885,0,Iron_Deficiency
11.389245569201366,89.42985113206237,0.9170876402831775,336.02155593995644,1,Normal
13.40820195264335,106.68994563654039,4.8160185864581715,371.93246396975997,0,Chronic_Disease
11.579291453165286,82.2495244921049,50.39202454676806,292.60872043007714,1,Chronic_Disease
11.583317190588081,73.26396470525039,8.298817666701236,345.5372104212767,0,Iron_Deficiency
