wbc_count,crp,spo2,fever_temp,consolidation_present,condition
13235.213688550548,13.626087678165838,94.59466982880845,37.704516835457575,0,Normal
10377.810644729669,17.58193910891414,92.65165611552784,37.10135881667726,0,Viral_Pneumonia
13914.598421453116,50.78255946554747,91.54638934583625,37.742673822117425,1,Bacterial_Pneumonia
17853.634353836114,14.102861584222035,92.79012125404749,38.066997713064275,0,Viral_Pneumonia
9946.309813744989,33.42574122822809,92.44729272583508,37.79207643187929,1,Bacterial_Pneumonia
9946.383693728687,25.85439146761047,94.68166488950195,39.507220781023676,1,Normal
18106.45766978326,43.58663692370713,94.64229592419946,38.49407028814209,0,COPD_Exacerbation
14453.45628118809,110.47686590051876,94.01218408061366,38.47042692364975,1,COPD_Exacerbation
8887.365263292715,52.75621085020171,95.74775267898539,38.75998642963906,0,Viral_Pneumonia
13441.52019613684,9.679824529761893,98.76258509914537,37.17505019399731,1,COPD_Exacerbation
8914.62038234392,1.2671871529703138,97.7982165417653,39.13520060867825,0,Normal
8904.216108933844,12.166772080223517,88.06040812620039,38.131812142118086,1,COPD_Exacerbation
12088.830222047154,36.16242607492389,83.78431546039218,38.80343255551709,0,Viral_Pneumonia
2390.2388990399095,2.111811123990987,97.7372796449571,37.23532849026386,1,Normal
3237.8697536913523,27.436238241047555,88.53248520633832,36.801617110585546,0,Bacterial_Pneumonia
8469.706118415623,36.33715359950241,93.10093839242927,38.93610069222253,0,Viral_Pneumonia
6442.259958495093,16.273275117524015,89.31954789576257,38.538768573487765,0,Bacterial_Pneumonia
12414.112996678732,58.945998365869386,86.79207824967992,37.388153601078244,0,Normal
6913.89166015455,4.50875659058712,96.16585091281915,37.41730322685278,1,Viral_Pneumonia
4644.633343991188,3.1244202316898804,97.03662064121059,39.212891305973294,0,Viral_Pneumonia
17595.419460146994,52.10589640865571,91.69395839709313,37.129529296419406,1,Normal
9984.00664781059,27.366809066522745,83.63583083142036,39.67840565793037,1,COPD_Exacerbation
11303.876921095658,46.641706229325635,91.81502220699007,37.38944133881692,1,Viral_Pneumonia
4588.633162039445,22.824959965154292,95.5672160216102,38.77455273304755,0,Viral_Pneumonia
8550.277739636678,11.315850150341264,88.08435372490348,37.90424337182591,0,Bacterial_Pneumonia
11499.151653694398,68.39294794284784,94.73343967911663,38.74286868797411,1,COPD_Exacerbation
5820.528901599638,64.2608625584076,93.93876060330801,37.71029739809723,0,Bacterial_Pneumonia
12690.641082555523,47.45795278836486,96.31716599840435,38.053486384534935,0,Bacterial_Pneumonia
8297.125895365378,12.706144599521283,94.4783214736566,38.23682725785615,1,COPD_Exacerbation
9687.378125930254,35.68643518893857,90.10772423647377,37.298031289796675,1,COPD_Exacerbation
8292.320244967714,17.912399023192883,98.78628600665796,38.86674191087812,1,Normal
19335.25183029022,3.8420293842661293,93.36588170789211,37.738107790175576,0,COPD_Exacerbation
10939.262488679298,99.70799374150566,93.89078184196028,37.99426007619399,1,Viral_Pneumonia
6240.30081969845,5.885217952780801,90.26692816370722,37.30508556285234,0,COPD_Exacerbation
14701.45210446435,120.0196261249105,92.22687099523395,35.89389970708422,0,Normal
5506.2035751304,23.624040511634888,90.4607891438924,38.02807501365985,1,Normal
11939.886177521399,8.189211276538632,93.30821576030631,40.371353879451625,0,Normal
2181.48444254101,31.226793846069462,100.84683392056938,38.90614385910823,0,COPD_Exacerbation
5023.162779957062,82.52567177128235,88.51239542827457,38.182665658239046,0,COPD_Exacerbation
11885.875561411056,52.70431116521895,87.54575440849304,37.96339825371256,1,Bacterial_Pneumonia
14323.099609979346,65.71175304295029,99.88468130997444,38.22021930353085,1,Bacterial_Pneumonia
11771.157265354866,43.009508606816105,93.16270529139254,38.692407203657694,1,Viral_Pneumonia
10479.582729252917,47.142153445661286,91.32370904536033,37.13726846622204,1,Bacterial_Pneumonia
9645.0333698482,75.67087952201118,98.15961874958431,39.20288952520199,0,Viral_Pneumonia
4346.651043346576,11.489580621604805,91.57753784105255,38.84384318389712,0,Normal
7760.701062223811,26.888706646849656,101.30403885418775,38.846367153137145,0,Bacterial_Pneumonia
8927.125530680956,10.000525164244893,96.71170348535708,38.59462816492876,0,COPD_Exacerbation
15757.05001798512,175.82233669621317,92.04835436741719,38.2176549919246,0,Bacterial_Pneumonia
12546.282303058077,115.33855149281658,102.629232853062,38.80557511237014,1,Viral_Pneumonia
3066.319300867697,1.6090040482151635,91.57714030798665,38.73263272036724,0,Bacterial_Pneumonia
12458.377862276577,48.909262527829156,96.96838148803722,37.88136336015308,0,Normal
9267.129738126576,103.74334229901022,95.19717032162596,37.68375840439279,0,COPD_Exacerbation
7953.850998623186,7.966113015514001,99.20696515759519,38.29167066573579,0,Viral_Pneumonia
13752.543299783905,33.56811670583609,100.2460447869074,39.59411813634567,1,COPD_Exacerbation
15639.49785123178,98.83461056502121,94.12801659626307,37.08480363191149,0,COPD_Exacerbation
15190.760536022894,1.3814209417684724,90.98632851861527,36.87922726082281,0,Viral_Pneumonia
7223.521145498126,47.816418275715414,95.83988857175646,38.348284757112864,1,COPD_Exacerbation
9608.544308669534,14.115798589808513,91.28913852099157,38.24579893167042,0,COPD_Exacerbation
12490.685441316038,103.28994685422703,102.05354899010649,38.35600749793337,0,Bacterial_Pneumonia
15389.953072050615,141.69879690489014,94.54614132433095,38.41955787811765,0,COPD_Exacerbation
8843.715929696195,115.48694724963897,92.53871379475156,37.99911797082868,1,COPD_Exacerbation
10164.534605012823,25.71445620793833,94.73872122345963,39.54087709474188,1,COPD_Exacerbation
6021.492616972873,79.23242826941433,88.61149484188121,36.75918641937114,1,COPD_Exacerbation
5617.070191636982,74.45709093196315,90.1135438459574,37.454352677697784,0,Viral_Pneumonia
14656.366200773891,15.373620860781374,98.8016556317777,38.10707071586586,1,Normal
17103.080128568705,70.62390165578613,91.37242288411441,36.721130069961255,0,Bacterial_Pneumonia
10675.954452888498,1.508391810756389,89.81235606927224,38.041731036011136,0,COPD_Exacerbation
15515.898040514108,36.280345611512274,96.14661101010914,39.69532314915522,0,COPD_Exacerbation
12627.362112714354,10.455049647891428,98.74281661865199,38.21879783946637,0,Viral_Pneumonia
8096.961104276941,5.139110698865762,96.87581324266027,38.40763081514682,0,Normal
12626.280224787863,3.20301373217531,97.98419074322327,37.06585171134468,1,COPD_Exacerbation
17921.164549096862,47.66711798752948,90.97281964572215,37.64527473276447,1,Viral_Pneumonia
10838.782824005219,16.613040522742683,88.31275733303262,37.86232325770846,0,Bacterial_Pneumonia
18040.896451163026,51.605457488815105,100.00533460782195,37.91405641291939,0,Bacterial_Pneumonia
-788.8529684038497,2.703597419578973,92.70928064463146,39.353479415503394,0,COPD_Exacerbation
14698.561269688507,15.150415256707127,92.99666793417981,38.70192195465261,0,COPD_Exacerbation
11391.711807071772,31.016940576001982,99.31277656739623,37.199687838756674,1,Normal
9654.466922903595,62.5638933335195,96.22492003760264,38.421854300588805,0,Normal
11412.92349440976,15.353184281606358,95.82355108832643,38.64839957364711,1,COPD_Exacerbation
2055.939884295982,39.32836345608651,102.66000937960433,39.226134134669145,0,Viral_Pneumonia
10011.476504731196,86.85446634897079,91.42592707847943,39.62248661791154,0,Normal
12607.006571802858,38.27026036288345,97.71136051232494,37.28641522735492,0,COPD_Exacerbation
17650.523201336822,10.608625718633979,94.22805249958834,37.470228239910696,0,Normal
8667.784017768587,0.9881365497662089,95.07436911545302,37.068179926976846,0,COPD_Exacerbation
7361.778786980656,81.63926745496725,100.11387370565012,37.98938212680372,1,Bacterial_Pneumonia
8742.093303869586,0.8599545664104525,96.03134302515849,38.61972253700171,0,COPD_Exacerbation
15119.309529659333,83.08231066416681,96.15318431619853,39.088601064930195,1,Bacterial_Pneumonia
12479.37999346858,30.110548818782178,98.2900293492392,38.131644078721735,0,Normal
8616.079083048326,111.91967371170651,92.54018908182846,37.912137229070645,0,COPD_Exacerbation
13309.703449010103,64.134900920925,90.64316133064398,38.33658219302387,0,Normal
11436.848972066182,247.28777643389304,89.82076322391586,37.44837138853298,1,Bacterial_Pneumonia
15358.902457398002,17.275144673931347,86.134573642496,40.0805848495253,0,COPD_Exacerbation
7840.761077551914,58.301010364458314,102.22482851976129,36.75310507559375,1,Normal
9525.520340310042,20.561960104917635,89.58716653711326,38.36626652100615,0,Bacterial_Pneumonia
9235.513310905291,26.147492171407652,93.11498550565692,40.02124559730668,1,Normal
4414.182733405466,39.50131630512462,92.89274680044431,38.206119860104,0,Viral_Pneumonia
12332.541246790592,82.7565625612956,95.2296267912364,38.028964868498655,1,Bacterial_Pneumonia
12174.748724809502,165.61588147365234,97.26294885015719,37.87829911947062,1,Bacterial_Pneumonia
11023.010554891074,58.487884413569006,97.44189395343898,38.03764748641384,1,Bacterial_Pneumonia
9944.357899811837,21.635367743645673,91.66769024572424,39.43556362720888,0,COPD_Exacerbation
4630.831660773136,21.882783032760965,93.33151314485436,36.20932427980345,0,COPD_Exacerbation
9107.096047555884,53.51271103894662,95.13031980195319,39.580090331166694,0,COPD_Exacerbation
9457.784675629537,10.913164802383772,93.00523549526581,36.918438562794876,1,Viral_Pneumonia
7389.752288502715,4.682666783226459,100.42938230407997,37.96001290368903,0,Viral_Pneumonia
10274.214297502958,17.51677326376466,95.963899806553,37.81368002173121,1,Bacterial_Pneumonia
12818.228855665422,13.54436425671304,96.93951114419927,38.72969794279365,0,Viral_Pneumonia
19487.836555447386,14.056587589292223,96.65152507466965,36.76168808330463,0,Normal
11785.600157743276,10.64244663837987,98.6938954299413,38.61595539947375,0,Bacterial_Pneumonia
12158.976758252438,1.720191237493893,94.72408623481483,40.02187866095817,1,Bacterial_Pneumonia
10664.993379052248,0.7214241132779624,88.81267220817661,36.97314339586647,1,Normal
2365.529531154313,175.99911916449207,95.59875180701057,38.37073555084936,1,Bacterial_Pneumonia
10880.687560478524,22.32878987568408,91.39457242483269,37.60421603998306,0,Viral_Pneumonia
11271.035944734618,19.401549098212712,91.88553327300097,38.583298485573735,1,COPD_Exacerbation
22084.589506183787,45.53330594505788,96.34545607502038,38.21723299967418,1,Normal
10134.375658484949,9.849010237637334,98.95313228573454,37.622661781860124,0,Viral_Pneumonia
12356.963040501256,119.79825014959104,94.08508630694425,38.63908505638397,1,Normal
10843.797036326405,61.73571127502345,95.23533205039585,39.82391329880807,1,Normal
5740.9488307121055,3.746545545640278,100.80885977854095,38.02818658744543,1,Bacterial_Pneumonia
16142.702665317593,21.62259096133559,94.96301271795427,38.847782147933366,1,Bacterial_Pneumonia
14383.698647090483,84.51771840563413,104.40673245672158,37.03605433791596,0,Viral_Pneumonia
14559.643761693711,115.82246412483329,96.26203858252617,37.339207260863795,0,Normal
6907.756453423674,25.199497724055693,86.95694896337673,38.62516565009234,1,Bacterial_Pneumonia
17312.574399212448,38.01576690305746,97.01336648441813,39.53570442568237,0,Bacterial_Pneumonia
4691.670217434736,7.310495570271942,95.52463353953111,38.5200520139071,1,Normal
13640.856922101217,189.1777874437125,99.15901101633098,37.91824777252916,1,Viral_Pneumonia
20857.050316144905,10.541526600707332,96.69272540507984,38.199362264881024,1,Viral_Pneumonia
6542.586536911903,114.40037325975553,93.4461760640649,37.074633039427255,1,Normal
8451.660216787526,41.9525223787424,89.10280705484254,38.74406379371983,0,Viral_Pneumonia
11448.431142894386,37.432888914887755,93.1639069708559,38.994099756091074,0,Bacterial_Pneumonia
8734.359556477104,28.754070103697646,90.5979181831628,37.79311870045023,0,Normal
4022.0145602024027,10.489401122078505,91.67790620078111,37.77696206701645,0,Bacterial_Pneumonia
11308.533386627123,7.769030800934691,96.35431361768244,38.439290406686844,0,COPD_Exacerbation
6219.633288232528,9.96339594482027,100.67961801740563,37.806952237563465,0,COPD_Exacerbation
13131.165937858317,8.253338542182007,95.57868611929193,38.140480646836764,1,Viral_Pneumonia
6862.590945947884,60.48963030291186,89.21646775185926,40.08974961024987,1,COPD_Exacerbation
17974.70482257893,17.239025642922975,95.77841067288057,37.977676869328604,0,Bacterial_Pneumonia
7475.360184486934,2.3833203333107393,98.7865259465826,37.8774938631809,0,COPD_Exacerbation
9550.72317707446,139.08336866107098,91.56086838272248,37.61721237492836,1,Bacterial_Pneumonia
14660.827478163514,86.09283880104002,93.46393133330832,38.86977277434995,0,Viral_Pneumonia
5461.110576047202,105.10618215227018,94.05875277891678,38.03689824410371,0,Viral_Pneumonia
12023.569705718583,211.20199076198827,90.86040674767104,37.61556426551072,0,Bacterial_Pneumonia
16882.142394270926,7.641347863047413,96.59312173537543,39.389173629045715,1,COPD_Exacerbation
3766.325444474476,20.18327419575523,93.51620740556888,39.477642704062276,0,Viral_Pneumonia
11830.852363395368,56.792139019250826,95.67812977562811,37.65961879083517,1,Normal
12169.472574117906,47.6318160968535,90.45003128879159,36.52011404377545,0,Viral_Pneumonia
14518.202922997894,6.684515391740274,92.25016679870636,39.106762320853235,0,COPD_Exacerbation
5433.721801048631,67.6765201194526,96.88952543131109,37.583833156816,0,Normal
5057.945241120757,10.166826689623452,92.50866739163293,38.911563039246495,0,COPD_Exacerbation
13348.737045276039,10.134710158785722,100.90785540493363,36.42690656405935,1,Bacterial_Pneumonia
12336.431029549338,30.79891937163348,92.40145525754158,39.00333760446938,1,Normal
12127.217826556445,35.95178096747676,94.89873890300754,37.1099452636473,1,COPD_Exacerbation
12559.01694273639,34.708233821178695,97.73036332749236,38.857687707159876,1,Normal
7939.888752896792,3.8378361188405496,88.32653706826787,38.21284576105279,1,COPD_Exacerbation
12045.141637224517,83.97299245165695,86.9567647520769,37.341454522543025,1,Normal
12318.826129844065,12.348059906680621,87.89737474171962,37.8336673183659,1,COPD_Exacerbation
7785.418618881345,5.548186438776012,99.05033641370873,38.81768661126103,0,Bacterial_Pneumonia
19395.985300151406,87.83832393920135,91.79256741643022,38.29530500780371,0,Normal
13132.248144103043,124.62705411013117,104.23279714267301,38.72597168242524,0,Normal
5639.134262588082,79.25707137899849,91.74300960537045,39.97879652606394,1,Normal
13954.491238852233,66.32749878934449,94.73820521278815,36.79218254946006,0,Normal
6613.932483977053,42.5965000479448,100.16843981027151,39.655491317471764,0,Bacterial_Pneumonia
14541.880716841035,32.01659126279595,102.0243715526365,38.29392034377089,1,Normal
16213.680105533318,3.6401958700940322,102.24601430654559,37.391094356509186,1,Viral_Pneumonia
7306.929567417303,21.000579996410593,98.83346492237257,37.00271773683491,1,Bacterial_Pneumonia
15335.192581599447,18.652483145224647,98.09625010324585,38.02979164830067,0,Viral_Pneumonia
12857.514171214243,12.03089693905138,96.37010779680473,39.02948510073202,1,Normal
14699.270719975206,51.410223199882736,97.11344430466656,38.08520579166022,0,COPD_Exacerbation
19535.568421942764,27.397299356706142,91.79525713468587,39.56003943722261,0,Viral_Pneumonia
9895.753477987082,3.3807778894223417,90.72720446631077,36.8939418789536,0,Normal
7608.187260391297,9.94785044721666,93.98650217035619,38.189119946938554,0,Viral_Pneumonia
6997.185066685145,45.98680510388996,93.31926150990029,37.0728459000282,0,Normal
7328.853717655527,3.167393607796493,92.1870878026909,38.527268694362476,1,Normal
10653.042307636531,76.20794492176819,96.78554978982686,38.99819865108757,0,Normal
12535.183886674895,27.339481772483136,97.82122083428204,37.82131438568705,1,COPD_Exacerbation
12245.108596985086,26.202205497423638,94.35362754516738,35.85620752903558,0,Viral_Pneumonia
14722.324620662108,35.89952306352299,99.91012032422104,38.37905333211685,0,Bacterial_Pneumonia
11058.50851345058,69.64591651777907,89.43324354346598,38.59306469656016,0,Bacterial_Pneumonia
17540.903347207925,17.09672535780861,93.22536216288113,38.56386527946553,0,Bacterial_Pneumonia
9809.044250429197,45.33015591691404,91.13271071758878,39.31220397263994,1,Bacterial_Pneumonia
23240.761249653286,33.363733641398944,86.53385353170776,37.23605168831586,0,Normal
13815.503064942528,12.42592582404283,93.6692772566292,38.812194494905405,0,Viral_Pneumonia
7142.790996126729,84.35645741761434,93.51300996646687,39.27325676123018,0,Viral_Pneumonia
6180.983758724995,63.866005350109305,100.05379897296852,36.59927117439414,0,COPD_Exacerbation
13171.125868594334,42.97066277539504,96.52324673821911,38.48768664332708,1,Viral_Pneumonia
9994.417466033672,76.04022874166427,89.90325270268318,37.7462381520931,0,Viral_Pneumonia
14213.002223414413,80.7848255288212,101.41637026533675,38.126629594208524,1,Viral_Pneumonia
13129.569310580951,49.289812836372434,98.88413478210141,38.512908835184504,1,COPD_Exacerbation
10672.269893044073,72.56347402483729,96.32839081387446,37.761494292297805,1,Bacterial_Pneumonia
7189.428268692178,47.82318657487935,93.09406360460068,37.59186272875455,1,Viral_Pneumonia
4183.187488913609,45.594971669154596,90.16224305310608,38.23073717573922,1,COPD_Exacerbation
8990.682715698405,38.557456760887526,92.51117289571579,37.22147865502348,1,COPD_Exacerbation
14853.794574455625,55.888815665042564,98.35499447881675,37.22275738400334,1,Normal
11963.421848585918,6.9077670184511595,101.53834522373843,38.81143595466086,0,COPD_Exacerbation
5394.175495796054,85.10185272208614,100.17297411308876,37.166085368357216,0,Bacterial_Pneumonia
11779.31416633032,82.18013288571741,92.0446023128549,38.799681250818296,0,Viral_Pneumonia
12733.928208779766,1.1873404617208807,89.52153026684395,38.61633216356856,1,COPD_Exacerbation
7022.641537094902,69.90589505101255,94.56354498764482,36.646773944088466,1,Bacterial_Pneumonia
11691.762976754875,5.5185562961502255,86.92624253774859,37.59019181289791,0,COPD_Exacerbation
11261.939233007,16.325879300372343,95.29267085673912,39.27469846274264,1,COPD_Exacerbation
5856.633659762196,54.42635212642966,93.40958965480533,37.31695102197429,0,COPD_Exacerbation
12610.043121567274,7.010337389182527,92.13585399252703,37.78203616392155,0,COPD_Exacerbation
13523.530368657055,68.14269688634289,87.62118773093282,38.61585480392671,1,COPD_Exacerbation
15873.730594288747,71.38361188048896,96.05440042627886,38.905051458354336,0,Bacterial_Pneumonia
15742.109234157064,28.32781221238388,91.86919664135236,37.97361500255996,0,Viral_Pneumonia
4800.4878441930905,0.2562539446966067,89.32033265715884,37.66224082477753,1,Viral_Pneumonia
6779.787320381947,13.533093708474205,82.5109511468734,39.48013287552866,1,Viral_Pneumonia
13317.658702438968,38.38117977454954,93.88994037979745,39.765009697417824,0,Viral_Pneumonia
13312.03677910494,158.92653871897633,101.08900638667897,39.08097224570362,1,Bacterial_Pneumonia
13317.714588377215,39.96662996356254,100.64503685819147,38.276786328308525,0,Normal
28337.291707946242,12.033587880404681,92.17161497365491,37.472560850523166,0,Normal
13569.007298119252,40.20550111766202,91.59115175855288,37.45260003409909,0,Bacterial_Pneumonia
16110.045380812695,31.059880271106852,95.87509702430009,38.670262694739186,1,Bacterial_Pneumonia
15293.00793571941,60.53700920517862,90.00645824324684,38.57655839879982,0,COPD_Exacerbation
13931.260630876091,4.525880691833162,95.20716759927787,39.46143873365179,1,COPD_Exacerbation
9581.288399118444,57.256339229459314,97.06432111353877,38.78540508328253,1,COPD_Exacerbation
14415.361492219703,31.17144076279558,98.90773289553724,36.847227728416165,1,Viral_Pneumonia
7522.286534580927,131.86485111070664,93.59938369408019,39.14675285595063,0,COPD_Exacerbation
9934.31626966996,16.734243599564447,93.18530499929214,37.30174543541703,1,Normal
8815.864034769034,40.05454789380092,90.48806965297375,37.85442585524289,0,Viral_Pneumonia
11368.433627238452,107.54643902274205,90.69247858384055,38.42518018562653,0,COPD_Exacerbation
21415.96355003079,4.326119906610985,93.0940844323939,39.99610074080557,0,Viral_Pneumonia
2597.3066333371326,110.73015707355074,95.46946202726471,40.99892670040483,0,Normal
14088.17085668531,46.57543534231876,97.654338504933,38.74605075322257,1,COPD_Exacerbation
3742.7785796465664,2.809906011644332,90.78728419727862,38.03512304315166,0,Normal
8876.306603947549,14.322096657129592,99.97075427583809,38.6810550836325,0,Normal
15900.277686353149,49.263639804852495,92.91550559582973,38.99888988328645,1,Normal
11289.260085929582,2.7890370957904524,93.91453082260625,37.91139913699853,0,COPD_Exacerbation
6150.148499318122,34.90726916379855,91.0111532834087,39.815690220321095,1,Bacterial_Pneumonia
7781.133308330143,16.97876526045445,84.30303895890823,38.40706368327226,0,COPD_Exacerbation
14058.18987020604,38.79984761899339,97.5361815854442,38.64796878018226,1,Normal
7713.350157272885,1.8728495711181938,96.94737558836974,38.79933182684902,1,COPD_Exacerbation
11974.063653118887,82.0845137950765,92.87468977152714,38.579427949553015,0,Normal
11205.073279567161,145.20777500577364,94.26796286889949,38.95504645042266,0,Bacterial_Pneumonia
8067.798435773824,138.79342657967004,96.06375687081639,37.64447213210777,0,Viral_Pneumonia
20647.748401963967,55.396106278449196,87.74981657245382,37.697528421448574,1,Bacterial_Pneumonia
13852.635600431051,5.57444795335223,91.88378929061481,37.209861190325476,0,Bacterial_Pneumonia
1886.8583600407678,56.7962292464144,97.1770587184873,38.59555110755821,0,Viral_Pneumonia
11839.044416462424,0.9957688913004525,88.982842307323,38.9010428531609,0,COPD_Exacerbation
8021.960908542254,0.8948779093789545,95.17423172866651,38.6119955795367,0,Viral_Pneumonia
14835.950006583007,15.639430808689207,88.57367278150637,39.70704319001278,0,COPD_Exacerbation
7433.656677052847,26.827506996867207,95.86571992973411,38.19496358305386,1,COPD_Exacerbation
10483.686013398954,58.85795690335427,93.85743407081007,38.80186749003327,0,Normal
13272.442755412058,45.99142907563276,87.53947273637796,37.21746921147462,0,Normal
14895.898373765547,23.61659949582834,98.65895741782869,37.85161026777304,1,Viral_Pneumonia
5598.666168249007,12.78764650233628,91.0616336928078,38.8259839818092,1,Bacterial_Pneumonia
9494.744438715732,234.06115046627917,90.75899025194248,38.96419189966883,0,Viral_Pneumonia
8862.746099775697,22.217671604401367,94.80227678892378,37.93542974710224,0,COPD_Exacerbation
8060.018453418296,24.014481936981717,98.59454939771486,38.135560673327745,0,Normal
18944.544081264936,7.147071698182228,89.93671272408642,36.83391362798727,1,Viral_Pneumonia
12822.4176993243,63.352668025492335,94.24671939939189,37.878673719274055,0,Viral_Pneumonia
5326.022205492297,47.325289521462956,95.71526600132229,39.00134484716781,1,Normal
15130.378761746493,9.97794117812704,96.77242242905258,38.717684514495915,1,Normal
20549.70288655685,3.4389222760951483,94.7057662211089,38.65059914924309,0,Normal
15646.093672480161,45.63983282948961,92.5318886436667,38.24479631846287,0,COPD_Exacerbation
4162.83515320694,42.51180377692572,90.68963911740512,38.20635684276536,0,Normal
8820.946672101869,12.767433946949588,94.3445755321855,37.6057109744739,0,Bacterial_Pneumonia
16701.100171339804,120.52617625540437,89.71144395205758,38.828945578182285,0,Viral_Pneumonia
7815.487404715486,6.5505713277860345,82.31459806602157,38.578875649950454,1,Normal
12997.187426658027,22.648938900136464,95.74623921663067,38.642816963193525,1,Normal
14485.853240432016,115.02273731198619,97.61573936434478,37.72656864159918,1,COPD_Exacerbation
6828.8128778986265,21.770285707742005,84.54827025783264,36.26199137211588,1,COPD_Exacerbation
10732.135897721899,40.70260070920411,89.96107718116025,39.18743744057833,0,Viral_Pneumonia
-3585.7030303108268,20.272972120365583,96.47661704402078,37.76904628959244,0,Bacterial_Pneumonia
6390.255613995696,12.820069202675251,102.2299818788468,37.423501812361195,0,Viral_Pneumonia
9863.443318730779,165.35082116527096,94.08317483070164,38.8241310207226,1,Normal
5384.975681158177,21.060183033816926,91.08798823508346,37.847188624072786,1,Bacterial_Pneumonia
18345.85086769236,89.81010027392529,93.26841423558064,39.15394274564196,1,Bacterial_Pneumonia
4564.363799177153,10.452232499355619,99.49950567659273,38.75530535461903,0,Bacterial_Pneumonia
9019.799809863573,9.586403255154316,91.41614328350185,38.81521239088043,0,Bacterial_Pneumonia
11588.332597787412,1.2651619638222,90.80323197339898,36.97063985991952,1,Viral_Pneumonia
17485.72980079752,42.183834355039586,92.06902591127186,39.29074958684777,0,COPD_Exacerbation
4538.620319692523,18.387962166888055,90.18668556696515,38.43512547811047,1,COPD_Exacerbation
16234.236884697319,79.90952235307175,94.49068126397918,37.86765057467842,1,Normal
11046.048774588142,25.638124588112547,100.49871383387824,38.32904962060803,1,COPD_Exacerbation
6583.211070284221,137.92329364803203,95.29231709246412,36.60138829039151,0,COPD_Exacerbation
13079.465634184719,8.208487130433536,92.99058599149485,38.56778753033261,0,COPD_Exacerbation
11895.768630080614,81.18742018919642,92.83275492433782,37.273565642636136,0,COPD_Exacerbation
8299.024052785424,59.951092186971906,87.74723676521337,36.982596742740824,0,Normal
11314.109382455084,58.94768175560145,97.53243910858863,36.8298767324039,0,Viral_Pneumonia
9266.08881412208,74.51730443258356,93.6886512119488,39.201419537490935,1,Bacterial_Pneumonia
11510.828053630616,57.25568450414908,93.27808034563749,37.63366294567649,1,COPD_Exacerbation
13979.588035344708,39.363550016942554,106.77243027137945,39.58035493892485,0,Viral_Pneumonia
18137.075672654086,5.627759437103299,95.19501163346274,37.71777868325294,0,COPD_Exacerbation
5429.830255279179,1.3226765339994284,90.99283579961926,36.66337783816635,0,COPD_Exacerbation
20598.6501859532,101.45533207257057,92.29456961517782,37.19512800404621,0,Bacterial_Pneumonia
2215.6049021487415,38.35230757723121,98.59378283678701,39.31223045800625,1,Bacterial_Pneumonia
10316.967072339876,63.690901557265576,94.45308164215106,38.059691639857,0,Bacterial_Pneumonia
13647.427429180592,26.274334410791784,88.24688808673054,37.70654143315846,0,COPD_Exacerbation
12264.463404807648,4.991166566960321,97.67691573830082,38.34401640326751,0,COPD_Exacerbation
8197.852160807328,5.349749964653537,91.32742365784402,38.65160446255079,1,COPD_Exacerbation
10063.449873392261,46.27915259778845,101.49319110487018,39.20565893431222,1,Bacterial_Pneumonia
8781.49579403525,22.506228796967612,98.3201922628586,39.50364930690364,0,Normal
8347.858593751047,8.951986995665445,92.210712417365,37.87620821878983,0,Viral_Pneumonia
14823.209436594612,27.05904053637324,99.12406544694045,37.00655708252617,1,Normal
12606.569686842713,2.6545220317383866,94.27142204210962,37.82788135498905,1,COPD_Exacerbation
7881.906821327056,34.88821729299802,97.41109470048887,38.4342524559246,0,COPD_Exacerbation
15048.199439449629,12.533311864498295,95.9389312691779,37.332616966410455,1,Normal
12382.847843944743,63.89229160127847,90.6145733800365,37.33856417659447,1,COPD_Exacerbation
14657.87953477532,14.863535887207753,91.42580067073015,38.5094090933949,1,Viral_Pneumonia
13833.329788656256,24.2949403678125,98.11984327032465,38.1562128835866,1,COPD_Exacerbation
7269.5224508506735,0.4675434420372361,92.66089867157383,38.22951729587043,1,Viral_Pneumonia
8479.185319113636,3.0082088922679144,92.38540614703201,37.517354198769944,0,Normal
14362.821223054678,19.93569988342869,90.17950968260259,37.99263935721481,1,Normal
13746.666194450592,26.152353951200507,95.69439626237384,37.36819017015853,0,COPD_Exacerbation
10905.942827161334,36.653684139676535,102.25009967697258,39.001178570012314,1,Viral_Pneumonia
11527.97322488952,13.793388602978327,89.72986834298291,39.13172440125138,0,COPD_Exacerbation
16749.492031047914,47.495364575567436,94.09687782669103,36.53843092398572,1,Bacterial_Pneumonia
8337.928750238765,78.6795001761241,99.64888222166172,37.363440225826835,1,Bacterial_Pneumonia
13461.938215265169,60.53802554790283,93.68143443501714,36.85312367041893,0,Bacterial_Pneumonia
10090.133064047477,1.6170006559081262,95.80948718499894,37.61497845903379,1,Bacterial_Pneumonia
10020.434585477507,26.19607366008433,89.75042588741248,38.12490582718868,0,COPD_Exacerbation
15944.495833942356,4.434142032381845,95.7132283888306,36.895319302271325,1,Bacterial_Pneumonia
14714.373570446134,11.085251311388728,93.25142293998181,37.37032616818722,0,Viral_Pneumonia
14660.793362002873,172.68730620917734,97.94291998271945,37.296438365126654,0,Normal
16874.65463219448,6.1491560869223445,98.749544206259,38.38654059645905,1,Normal
11094.517287347415,27.637038248360298,104.35825456807446,38.26240990333263,0,Bacterial_Pneumonia
14068.788370827338,38.509697398451465,96.3185326928543,37.550436201996476,1,Bacterial_Pneumonia
9603.799595329448,48.488932594309524,95.30318526632867,38.35913878492546,0,Bacterial_Pneumonia
12458.74858619799,32.80729696152442,94.77753720630935,37.707987923871464,0,COPD_Exacerbation
10414.35625534542,0.392755815382529,92.58733482875725,37.95551040070656,0,Normal
11436.481842467232,15.808393439914406,95.35393537384677,39.70610688126869,1,Bacterial_Pneumonia
13678.206614466111,29.168523742907333,92.81839435944389,39.406414946611314,0,Viral_Pneumonia
7318.006925449374,3.678756684162029,94.67384390507846,37.03037688676517,0,Bacterial_Pneumonia
20415.74274058457,17.269915643347304,99.27039014243184,38.94675917609126,0,Normal
6472.921783251341,1.350673828220962,89.97382973888143,38.93025689904243,0,Bacterial_Pneumonia
5536.151242455206,3.27350758432349,98.55951424451618,37.16656304012265,1,Normal
16211.498930750306,20.228434141423794,99.26846026935947,38.936899879379375,1,Bacterial_Pneumonia
14562.482122833211,5.695540236986455,93.52772589203569,39.584138726571304,0,Viral_Pneumonia
13808.539176734697,33.53069615672483,85.51258040396561,37.18970967438003,1,Bacterial_Pneumonia
13827.55479168926,46.77834252633736,91.56871205162227,37.374247461087165,0,Viral_Pneumonia
10944.889522188883,64.49502876443037,99.18797818624444,39.115895320159154,1,Viral_Pneumonia
6962.355328313758,8.933254970313888,93.90852775080447,38.44434577974309,1,Bacterial_Pneumonia
11341.120511871768,7.332045405403078,90.00279107082035,38.696328647715575,1,Viral_Pneumonia
7952.772298195498,4.417952691403027,91.98090031508713,38.50653029476045,0,COPD_Exacerbation
15388.03880037988,40.471364588165216,97.36248010601821,38.55162632883533,1,Bacterial_Pneumonia
10338.241783240375,49.03179758046398,96.18693427280552,37.00617508452003,0,Bacterial_Pneumonia
7285.262614433698,1.2838298694412844,93.04427160332122,39.1425859359593,1,Viral_Pneumonia
9553.76371256153,110.08776217795635,92.53270235274125,39.252630993185,0,Viral_Pneumonia
12858.19154424031,2.134819427160321,92.43296740382472,37.993548330338776,1,Bacterial_Pneumonia
8463.239512382113,31.17403552382488,90.31035926200599,38.16087074516753,1,COPD_Exacerbation
7300.008219951059,49.38560016244956,100.46150275787777,36.822003247699854,1,Viral_Pneumonia
12096.592451713605,81.90814209819044,92.71071812315463,38.662829280416055,0,Viral_Pneumonia
12102.349569989252,50.08269891488105,98.86863408330198,38.714851697542734,1,Normal
8718.755710829915,64.72463490386903,100.0852642076898,38.14402808470062,0,COPD_Exacerbation
8880.327624717547,16.587309965857344,97.99324359259184,39.211918023883456,1,COPD_Exacerbation
12044.224718109363,67.45818277391693,92.2735187491278,37.899330492118054,0,Bacterial_Pneumonia
4483.620463262041,3.3402579903265064,95.61492036134644,38.708145333304245,0,COPD_Exacerbation
4666.413015305501,90.08201275140864,93.90321757443634,37.2823020951771,0,Bacterial_Pneumonia
7767.001004364038,31.72686731515718,90.38519255707949,38.17880306421319,0,Normal
10039.487817296687,67.99590438662075,95.29743712688641,38.04308116788745,0,COPD_Exacerbation
12399.08404519102,24.082438877401856,89.28384083536079,38.40277712983685,0,Viral_Pneumonia
17639.102976272985,41.26556006880355,98.75071755384626,37.86742576404998,0,Normal
14859.468304409087,29.895912558350783,92.14153081080643,38.081674663895505,1,Bacterial_Pneumonia
10280.276615164577,52.609513399476825,94.80463862349136,38.94344245429736,1,Normal
10914.4270644379,3.406195995558247,95.13315148618457,37.806912186485604,0,Bacterial_Pneumonia
6488.61785912986,2.490001252760603,92.9643801051837,36.75408060933519,0,Normal
10916.690888034245,11.353086301596655,96.3467752059011,39.77462551378488,0,Bacterial_Pneumonia
9701.03612485938,6.952459460606002,92.10038537350991,39.44330867082144,0,COPD_Exacerbation
12452.233521521403,82.16142228009593,97.48518918982897,37.03696357440494,1,Viral_Pneumonia
7277.460754014547,9.898166327222157,88.616081279013,38.82073702472068,1,Bacterial_Pneumonia
13337.059314085276,148.96411237736373,94.50551831818565,37.747322706503795,0,Normal
17897.3251085116,16.432924973257172,101.75571599623314,38.43713849379796,0,Bacterial_Pneumonia
10510.57933194414,8.041484159154116,89.9986747015777,38.46480171611215,0,Bacterial_Pneumonia
12807.702749445236,62.3685239037739,91.28902011790059,37.98903297971531,1,Bacterial_Pneumonia
14105.647962700006,43.000648213660746,96.05563139863565,37.49461090097225,1,Normal
9194.507876513737,27.58180434893735,94.71832712775839,37.57851305291537,0,Viral_Pneumonia
12008.416168146876,32.41993196462482,95.40252039709424,37.37542727606689,0,COPD_Exacerbation
11056.665803518077,50.804757589158655,95.95674852059065,37.4513600125926,1,Viral_Pneumonia
11439.542443469743,10.374397827468268,96.53888587424709,38.13953953895558,1,Bacterial_Pneumonia
7521.455972650401,224.3452492819082,98.4387993678249,37.555816009800324,0,Normal
11110.295784165242,147.22559911560379,95.63927462771404,38.813846859141364,0,Viral_Pneumonia
13240.992310604523,42.03012360530227,93.03496938152583,39.53852153980234,0,Bacterial_Pneumonia
17530.14623507769,8.902871138755733,96.69029480481092,37.677952082766964,1,COPD_Exacerbation
15316.71871738343,45.60591181101475,101.59952773958086,38.415464050481845,0,COPD_Exacerbation
20689.321058802005,2.9974948733717315,93.4694650144697,38.649716599272644,0,COPD_Exacerbation
7546.9359670037775,1.2452846609447792,90.10188278131743,38.62480204382735,1,Bacterial_Pneumonia
14925.442865243052,11.919150125555863,98.42832267714789,38.268359741124485,0,Normal
11825.039025822583,24.842212074937557,93.5184753441856,38.86841417652375,1,Viral_Pneumonia
20854.113199479525,81.08079700763362,85.30932181594386,38.634024057412596,0,COPD_Exacerbation
7362.657715901818,51.95611915271556,97.38968670860169,37.08610381990543,0,Bacterial_Pneumonia
7221.251710186508,54.30151618997287,91.85868725618431,38.98224045795035,1,Bacterial_Pneumonia
8302.7330955019,22.169743176296556,93.63786687078336,38.99856175354007,0,Viral_Pneumonia
1442.4692406058691,16.981941307579305,95.32792132227605,37.51304250623928,1,COPD_Exacerbation
8634.102402436576,18.54742602189188,94.76199871911626,38.234144051902845,0,Bacterial_Pneumonia
7583.903023008359,175.76255566066015,96.83780726855616,38.81499609352996,0,Viral_Pneumonia
11676.772039142934,1.6374296817571468,92.25805451772062,38.011617562378575,1,Normal
12537.901890997218,80.70571967022956,96.05242319270432,39.16568024298941,0,Normal
19442.768776471486,34.574069654106495,92.96181328966433,40.327485245157426,1,Normal
15276.907271837226,23.093963241386383,96.95524192355,37.492612570628516,0,COPD_Exacerbation
8403.933549519186,51.67686269955482,96.46146993605221,36.9570598571616,0,Viral_Pneumonia
6957.133978932389,26.67337214396856,90.25824519182162,38.47343673604439,0,Viral_Pneumonia
13213.636271779276,82.67625365071068,98.34392846470013,38.849406254613534,0,Bacterial_Pneumonia
5058.95056840711,92.38513918481499,91.8561462195438,37.992220263539714,1,Bacterial_Pneumonia
19241.564446344593,21.90794805416099,97.23223119312458,39.50793459698893,1,Bacterial_Pneumonia
16307.480543245792,12.964316283405676,95.46914925360537,36.99525478024908,0,Viral_Pneumonia
8888.709565528829,35.89388487763637,101.35273470718049,38.82362676072845,0,Bacterial_Pneumonia
3290.894619091049,97.38223758094395,93.10613607051259,37.654725261317,1,Viral_Pneumonia
17092.42568374436,9.462435958000983,92.6027328155272,39.74744011558657,1,Viral_Pneumonia
10484.57069636322,39.01685830798302,93.92232157644906,39.99326381785131,0,Normal
16570.173403880577,39.939120009021735,92.7872808686629,37.51000907099499,0,Bacterial_Pneumonia
3825.075535425348,52.837200605074216,97.1997676077682,37.70539857768228,0,Normal
8302.812396708023,5.642625188106417,87.53475756625365,38.973629098281826,1,COPD_Exacerbation
11023.596648731824,50.3265963650844,89.78527032341458,37.85158241518944,0,COPD_Exacerbation
11211.41267194134,95.89012825156979,89.72878831368322,38.159129903860986,0,COPD_Exacerbation
8974.705378343404,7.922582431205782,97.8012303678943,38.22284957848817,1,Viral_Pneumonia
13802.824695563744,10.848383667486479,100.8424534903277,36.47229415942211,0,Viral_Pneumonia
6195.708067778325,142.16708155446045,93.58220312585011,38.187546028515186,0,Viral_Pneumonia
10359.292317404179,7.985722190206316,93.32471310723996,37.579245003342244,0,Bacterial_Pneumonia
11541.330342703544,77.07159071026632,94.28020865245273,37.75618945984021,0,Normal
13314.97475326437,27.112837702141963,98.64751321043276,39.499268803121936,0,Viral_Pneumonia
14202.266951400003,11.359878799774819,90.2905874632377,37.06914379514867,0,Normal
5939.110586729589,81.84024006979396,94.95347593093913,38.93188466807318,0,Normal
4096.4862316897,23.57349302239823,97.90079051912971,37.948933362701375,1,Normal
16749.54569854329,28.929194764044723,96.00437667975937,37.948215848353755,1,Bacterial_Pneumonia
12495.413053908162,17.803598367112315,94.75832646639498,38.911334706446546,1,Bacterial_Pneumonia
7631.810585495508,35.95285370740314,98.00418437026856,38.506046165112004,0,COPD_Exacerbation
17980.183889851352,7.142291904705255,83.18707082800304,38.71355169749758,0,COPD_Exacerbation
11520.535854317865,19.84283625453894,96.71150127812363,39.07136619447958,0,Normal
16306.83732828722,139.48632167284575,91.3836972674903,37.90182245513501,0,COPD_Exacerbation
11303.83316634549,11.943435216960248,86.67746841257417,37.648986938943025,0,Normal
20273.365661968943,42.77029538068411,96.04481039809993,37.22336452609798,1,Bacterial_Pneumonia
18899.03379099442,15.732968175557083,99.49463418065183,37.45713052301895,0,Bacterial_Pneumonia
9879.661331844169,59.3956676282866,93.45020594148923,40.85418498277786,0,Bacterial_Pneumonia
15372.0692792946,5.61067118440547,97.81149818881175,39.32021162266311,0,Viral_Pneumonia
13904.191773133163,140.02441817697598,100.44911303195458,36.984033070412785,1,Normal
17158.842008895568,24.19003688658951,99.2596578143362,37.00978783893079,0,Bacterial_Pneumonia
6657.84442738953,10.770141739908809,100.55985811748558,38.63367945554665,1,Normal
14087.231569992977,3.053508902237483,96.96850996428756,38.69253831764017,0,COPD_Exacerbation
15762.910190823144,7.441517604183757,94.30173455560637,38.69399545178563,1,COPD_Exacerbation
3085.6723110959856,29.339933817183258,87.59213675241132,37.97053978580168,1,Bacterial_Pneumonia
5675.336693004012,16.439403192206665,93.01575004748021,38.08709116599739,0,Normal
1823.4552000795475,70.6163953648863,90.62701361873523,38.49509157174342,0,Bacterial_Pneumonia
9787.66924499949,22.547087627423696,102.68377086999125,38.277303705664,0,COPD_Exacerbation
14228.94015108183,11.438769479034042,93.29645675027065,36.20262966452722,0,Bacterial_Pneumonia
17760.606734432127,38.40395666293871,94.49281922713794,37.993180332482325,1,Normal
11333.426511888989,49.0729042783738,96.20594150416187,37.43373420916572,1,COPD_Exacerbation
18328.769955070813,7.310877907433873,94.17440978548981,38.35769027701766,1,Viral_Pneumonia
4789.543438032989,7.338610805230427,100.780204161723,40.88673310234307,1,COPD_Exacerbation
3334.779022901804,1.4944291203793094,91.50940255306219,38.53073349892688,0,Viral_Pneumonia
10750.035354965215,53.33320483159336,94.77842982094897,37.91782328244484,0,Bacterial_Pneumonia
12728.294520226882,43.60250100588396,91.03011765720781,39.02962135177953,1,Bacterial_Pneumonia
10852.87363357658,25.74616678541171,88.71990995511717,38.634419098488294,0,Normal
1696.5105498205553,74.35969962704601,91.55292363637886,38.57808504140666,1,Viral_Pneumonia
10598.959822192452,65.52793284677405,93.85185281180635,38.74616553389411,0,Bacterial_Pneumonia
5129.88724772816,35.21324054543686,92.28279110193095,40.05088920834659,0,Viral_Pneumonia
14013.526469735172,81.0804250611601,91.23031608050458,37.182200408206675,1,Bacterial_Pneumonia
12649.692107435818,9.218874014822942,88.37473014531267,38.626268869130314,0,COPD_Exacerbation
6770.540961526902,4.747720855611383,93.66757770948522,37.36625698301662,1,Bacterial_Pneumonia
8687.59887198488,12.574712229124316,87.98111850387599,38.69996138170803,1,Normal
6233.539151499718,2.3512442691985083,97.04022385475841,37.37318213966252,1,COPD_Exacerbation
10717.944062270726,30.300561713357755,94.32975901173802,37.82436986775543,1,Normal
15298.140442255572,110.33524821607867,88.16979400214028,37.934419077185886,1,COPD_Exacerbation
6564.232791490053,1.6055366563752893,92.76316369180054,39.07823504741024,1,Viral_Pneumonia
13268.2093198303,5.20935519932467,90.99137437763767,39.02660899954817,0,Normal
8613.840717324016,24.073729932077235,95.27669804167672,37.07885436119825,0,Bacterial_Pneumonia
7432.072254819451,108.64834615503979,99.36180178409258,38.249440699899864,1,Viral_Pneumonia
10518.36338020449,15.20102444227148,86.49931012141703,37.56137813072575,0,Bacterial_Pneumonia
6341.409549112816,28.308900150853805,94.46010431658966,37.0673455803922,0,COPD_Exacerbation
8508.57812593768,1.6984693200420677,93.35946881773344,38.00468465461807,0,COPD_Exacerbation
5609.549483350182,6.422866053456757,96.68536030580186,37.922365490389765,1,Bacterial_Pneumonia
19841.263098123753,172.59004338133514,94.85278651295076,40.384044837710974,1,Bacterial_Pneumonia
11158.68598387278,134.23217231279637,90.99212267304472,38.58966384282463,0,Viral_Pneumonia
7851.235214033366,0.19808891895310463,92.72378425733353,36.96014424932119,1,Bacterial_Pneumonia
11962.909598303999,121.30563194715262,90.81589657278604,37.691703396246155,1,Normal
10494.523776391266,40.76838454274004,98.30402855439439,39.11924496588646,1,Normal
10005.636802100498,80.97338267906042,94.08524659468777,40.079598495582935,1,Bacterial_Pneumonia
13763.750150195414,24.25969076368038,101.60476274301203,36.77261501898584,1,Normal
14408.784695212873,28.99344274791084,93.75735674474151,36.50806805337486,0,Bacterial_Pneumonia
8612.744835752626,26.843419980354398,91.16637293235814,39.883868657834604,1,Viral_Pneumonia
8408.81791709894,43.96820948262334,87.9451424295487,38.55065275963381,0,Normal
9762.267362817602,6.016698168378287,86.78744129497622,37.418536541311276,1,Normal
641.3547586898683,1.2172792367988508,87.66345622797805,38.68116617751019,1,Bacterial_Pneumonia
4181.640220106516,14.722723520551234,95.06850660404594,35.82782703488481,0,Normal
17150.93420350036,48.78793390163358,96.03490009291974,38.20303795593745,0,COPD_Exacerbation
18402.354710755775,9.018522177464414,87.67523719187146,38.49503905555878,1,Viral_Pneumonia
9879.337821996298,44.76473637327916,97.58015325630446,39.03184312558405,0,Viral_Pneumonia
13594.50633375095,140.1452156091684,92.06775579326624,37.28749364293672,1,Normal
12400.625695445913,3.9442557488714787,94.5871720479422,38.27711844526303,0,Normal
24854.963638048568,44.66316335618145,100.4488825130217,37.36711783654638,0,COPD_Exacerbation
16038.087101455596,23.46151359028694,97.58735726346212,38.42984538010689,1,COPD_Exacerbation
10424.37083833655,81.04126488774065,92.92587740837666,37.39418830987328,1,Normal
6700.068017298084,7.799243962345752,90.43523109833885,37.832709244755804,1,Normal
3770.9915588409235,47.18759505521415,85.39273839468278,37.303766144688794,0,COPD_Exacerbation
11915.586361402504,72.83483446390582,91.12338672303032,38.786022617641294,1,Bacterial_Pneumonia
7596.421646220635,115.73729549521092,93.15547904468922,38.972606004991,1,COPD_Exacerbation
4599.858306810466,45.98544939938488,90.05128189139526,37.98884148703833,1,Bacterial_Pneumonia
8090.42202090863,27.500504504461585,93.47497213163078,38.234414195464026,1,Viral_Pneumonia
6133.033983735222,38.47739422203766,94.30740753183507,36.89626772682981,1,Viral_Pneumonia
18592.13735782654,81.27331637471644,93.10057607276768,37.930291016793895,0,COPD_Exacerbation
14967.378906272528,33.815563682760235,91.39998967670616,38.15481584466243,0,Bacterial_Pneumonia
10964.123114075222,1.2343327093562078,94.67461868786691,40.55871378192698,1,COPD_Exacerbation
17659.74862500512,106.91622029196692,95.76776259827764,37.199229676803256,0,COPD_Exacerbation
11348.157384414282,46.78630144044601,89.63840369022861,39.5177595148772,1,Bacterial_Pneumonia
7124.221094022813,45.14390175517956,99.64372951898508,39.09717289611923,0,COPD_Exacerbation
17854.058347713457,9.717279920720959,93.60564747086295,38.45257276404113,1,Viral_Pneumonia
13425.095196580964,43.02147974672355,94.0753984917794,39.78275843577562,1,Normal
6332.392305530946,20.026062595834354,96.83285769302623,38.53489492534618,0,Normal
10143.475948623764,42.13404542748946,94.932864525054,38.55024327610114,0,COPD_Exacerbation
7059.717859768592,4.508522751307842,97.81254653565298,38.15219141228421,0,Bacterial_Pneumonia
4777.401210660487,42.899692738634265,95.1484966608073,39.30121199417677,1,Bacterial_Pneumonia
15167.798963892386,297.6689163881762,91.55025050143824,39.1868223104298,1,Viral_Pneumonia
19592.374882115586,1.9765199557720274,95.44601410082441,37.63689044125341,0,Bacterial_Pneumonia
4706.445917813865,151.19452450248914,89.42509517071736,37.01267752486111,1,Bacterial_Pneumonia
13533.361565107569,20.89622729818389,94.4342388231061,38.01731742634391,0,Viral_Pneumonia
8072.108438951777,81.84133844063012,93.86708003742216,37.479965292042124,0,COPD_Exacerbation
8807.935773058867,61.0012022773717,93.16753257090984,38.142827882846184,1,Normal
8334.227340925088,33.4822042370621,93.48584995424427,39.31369432121573,0,Viral_Pneumonia
7112.041536440828,53.64507143410634,86.47260381800945,37.788428510421895,0,COPD_Exacerbation
11218.347325751722,84.31876403833358,91.80510036903615,38.16145895681959,0,Viral_Pneumonia
7260.72447615033,20.710003145948107,94.37137960456445,38.25222046132756,0,COPD_Exacerbation
12217.055716009274,15.842368991640258,94.6394255679896,38.96358779398476,0,Viral_Pneumonia
10773.928507478884,44.05585268689228,89.88929943629617,36.17779959941386,0,COPD_Exacerbation
9924.733789101156,65.97831371884294,99.0628313634588,37.65396973471124,1,Viral_Pneumonia
6915.963520812809,57.467334752820484,90.53530060714199,38.39015532305153,0,COPD_Exacerbation
8404.529012442503,63.94261905791102,97.87782880210695,39.28007106078418,0,Viral_Pneumonia
14399.260516215902,22.87849986967546,95.70877744748674,37.757287797244416,0,Normal
13254.127344309712,68.11352425543453,91.41509076062479,36.511102564562314,0,Normal
6601.00139840652,5.122838506142858,101.10124357043804,38.75774030136952,1,Bacterial_Pneumonia
11446.995374431517,31.45342513377132,89.22545267297409,37.62817385005694,1,COPD_Exacerbation
14381.24205517305,0.23101222065015417,97.67661669444,37.129300006818674,0,Viral_Pneumonia
3487.676234953827,15.697167637727514,98.00232927217192,37.6380891492581,1,COPD_Exacerbation
13445.120865709709,18.257382505167445,91.31751916369342,38.033927178109735,1,Normal
8018.19308474369,20.178681407546698,99.56986120025732,37.65572980191561,1,COPD_Exacerbation
13567.694008669218,47.55906008124577,92.99981394160419,36.21499054861084,0,Viral_Pneumonia
7565.333795558674,19.67741370845626,95.15477451711944,39.00735957719842,0,COPD_Exacerbation
2878.030547009664,23.81858342255714,95.04128735508488,39.34738753715085,0,Viral_Pneumonia
3676.059029525768,10.848425949279116,93.46276503411781,38.786369792205555,1,Normal
11216.382259976219,18.68841602202705,97.24323309263913,37.176082896617665,0,Normal
12168.751257746668,10.313003901321952,97.17395488220885,38.01865761944724,1,Normal
6930.575187030161,3.0405235302154887,87.00587210704728,38.19413081629349,0,Bacterial_Pneumonia
13873.666064498182,36.99798381273825,99.2173609715126,38.738914950605725,0,Normal
3523.1597197896804,44.130459002842755,87.3500320478573,38.80150643984628,1,COPD_Exacerbation
10702.640906087076,38.64974920593673,98.13018481736663,37.539243581099356,0,Bacterial_Pneumonia
5550.427101068946,24.907104600677897,98.50682054731033,38.27379600077221,0,Normal
8066.737514890284,19.107613791195995,89.63613427913921,38.61155236415372,1,COPD_Exacerbation
11213.294020923862,79.60850887579019,92.35674284818167,39.51024008993209,1,COPD_Exacerbation
7128.139856222214,29.282322192063745,89.57718132605626,38.834055885842254,1,COPD_Exacerbation
9269.500050965786,26.094175660609977,93.14031587884506,38.91015101863797,1,Viral_Pneumonia
15528.317641464982,1.039062157680579,92.76786286325704,38.275443965136425,1,Bacterial_Pneumonia
8403.986587145831,16.696315256431905,97.11864212907736,39.46941323068316,1,COPD_Exacerbation
14760.614504293138,19.134054595952207,99.24123498447844,38.56878651636355,0,Viral_Pneumonia
5916.319154040719,20.354620567919966,99.58273524315983,37.42502088084379,0,Normal
13384.118800618773,34.71644219461083,91.75132789368679,39.463032973112675,0,COPD_Exacerbation
17487.05879296055,30.508684174114755,93.16311250502189,38.82811294528513,0,Viral_Pneumonia
-122.40025057280191,37.45005433099279,87.2662472311162,37.80126038098437,1,COPD_Exacerbation
7413.971350382854,57.90692515147525,90.77651973401524,37.76845632934069,1,Bacterial_Pneumonia
13596.824572312431,67.06281605940659,97.85940653238983,38.46691799062669,1,Bacterial_Pneumonia
10086.295762806532,50.651389753255636,100.46233129419292,38.61686631574083,0,Normal
12670.15643017089,124.51194900016822,89.0626045124803,38.377563039068086,1,COPD_Exacerbation
8282.066659778808,0.7360337833080011,91.63014296338842,38.4801778060986,0,Viral_Pneumonia
11389.65404362805,8.715196428500517,93.8943769721643,39.72996163711875,1,Normal
10299.452440735642,0.30366474125662757,95.12064463527842,39.1643888370114,1,COPD_Exacerbation
16255.019277469133,41.705317056310065,90.76158592031342,38.37157203213852,0,Normal
12144.89379485546,91.32328040265907,95.69624417785636,39.04717952269074,0,Viral_Pneumonia
12519.21197933841,11.161173771110938,92.10464261171633,37.27072848682522,0,Normal
9146.553652448896,104.71076664894875,93.94219091648688,38.55813434495213,1,Normal
8805.771991673779,2.4863960775488256,96.1851369920148,39.8283757147598,1,Normal
9053.488154811706,108.98915692000472,94.02568907924375,38.00375869414687,1,COPD_Exacerbation
12775.034640702335,17.331299172261538,92.25445643789372,37.43712946424283,0,Viral_Pneumonia
9105.569836308816,4.277618455677475,93.56156078429667,37.61312000026625,0,Bacterial_Pneumonia
12303.986856033858,26.611301955976465,93.64654816317866,37.21933026639185,1,COPD_Exacerbation
20339.30359390447,11.870342523126876,92.51995588047149,37.49371428268507,1,Bacterial_Pneumonia
14920.061165442616,13.411799703666478,92.96481574933159,37.86654271126898,0,Bacterial_Pneumonia
9532.894105244715,14.685751486451144,100.39458868201886,36.93498968273922,0,COPD_Exacerbation
16405.46264973775,64.98732079861693,96.24367779176495,38.21405650055465,1,COPD_Exacerbation
9163.660821403018,30.988285525530415,92.81807872788336,39.012049456407986,0,Viral_Pneumonia
1828.4395916996577,14.918427830138102,96.78781761804294,37.38301943786777,0,Viral_Pneumonia
6463.611600871682,37.698590438180496,92.66472204097596,39.56735553127759,0,Normal
2581.4363553836492,50.37246898592406,98.69249855034657,38.659712879674835,0,Bacterial_Pneumonia
9418.18932181411,12.732469688321842,95.47856876879237,39.12752252706166,1,Viral_Pneumonia
11082.882706352982,21.346653358364087,93.57079142398308,37.60794890153308,1,Normal
18543.967905238773,5.199158380856021,95.7908677032411,38.96907270435996,1,Viral_Pneumonia
12471.173181938731,7.994142708885549,87.716495391726,37.21725948964422,0,COPD_Exacerbation
10014.04762036011,45.717347705046805,89.49293012436078,39.00122275075286,0,Viral_Pneumonia
14732.3251153257,8.00826245934589,89.22429997440378,38.35465540581418,0,Bacterial_Pneumonia
1049.8911094645168,29.791379989284003,94.57177237905482,38.69792609798631,0,Viral_Pneumonia
12060.265511488547,49.38363997758742,100.93005999794036,37.14196485493763,1,Bacterial_Pneumonia
14468.893372491351,4.5212353408188175,102.92520058477052,37.39443714195106,0,COPD_Exacerbation
4346.361893990713,33.509554902725874,96.55220440576304,38.73750539642805,0,Bacterial_Pneumonia
16146.89319443118,11.858838403699366,96.00337789977783,37.34648679619822,0,Viral_Pneumonia
12523.233833724864,131.79451887231704,86.79576906338905,38.61688566288921,0,Normal
9131.204387446394,26.430734853072284,91.82930480106391,36.96957597418578,0,COPD_Exacerbation
13847.518397478281,65.59434869741436,90.84886499236704,38.9633567914,0,Viral_Pneumonia
21218.117860119783,31.960449999744448,91.51660960699553,37.090729016708345,1,COPD_Exacerbation
11818.398147763228,1.775321971194645,93.32742472566085,38.69706994391157,0,COPD_Exacerbation
12116.992638351512,40.11223934297409,92.11163768921149,38.7630678402814,0,Viral_Pneumonia
8932.875952068902,120.96802080498931,86.08280075849684,37.57290536341338,1,Viral_Pneumonia
7175.700337408437,36.813136910152984,96.99164102447014,38.723823910376254,1,Normal
14736.511174449106,68.41208858830916,89.70902789704077,38.4343980370002,1,COPD_Exacerbation
7147.622783410097,86.23786120616133,94.9569874564446,37.71504232942654,1,COPD_Exacerbation
11322.048067487267,10.35496263346001,102.2963306789999,37.29230078433142,0,Viral_Pneumonia
8850.541489556976,9.53256376720623,90.32246163365431,36.433636877494685,0,Bacterial_Pneumonia
13155.409215858765,37.76508258838121,83.87884990901468,38.514685042569724,0,Viral_Pneumonia
12501.479473791269,21.17509729334309,92.85598311247956,36.79167750577415,1,COPD_Exacerbation
15668.929749160547,73.26859928675695,98.40383853999428,38.28580977949718,1,Viral_Pneumonia
8704.926205153637,92.11265414851424,101.83338981688237,37.96289660552598,0,Normal
9785.56279117983,17.442419136940586,89.08180162219033,38.811228497894376,0,Bacterial_Pneumonia
6595.563278979617,10.813104584337722,95.98679689294609,37.92815905045912,1,Viral_Pneumonia
9000.680329657498,60.66077183169795,92.13875817287979,37.90349699228762,0,Normal
12697.852218701833,12.852644909366632,93.57620658278346,38.85868363385947,1,COPD_Exacerbation
14406.448774904084,69.1771570207614,104.57737338806814,38.50155222617571,1,Viral_Pneumonia
6850.256041200686,22.04773203021641,87.98811868641938,38.484540361464504,1,COPD_Exacerbation
14913.22664047547,44.05062012821481,95.0149586459783,38.622340830827675,1,Normal
17100.37036462228,4.0164806916450315,95.87077268706173,36.817985089113606,1,COPD_Exacerbation
12860.457064506654,39.11168276261497,98.3431452997574,38.88110981198829,0,Normal
19445.581156511296,24.0422455185114,94.39193261388358,38.751221914612245,1,Normal
7517.948604033922,35.33440416266419,95.2322021580164,37.284985184281155,1,Normal
5399.0538350986235,7.357596596926317,92.43340573031284,37.98032757369322,0,Viral_Pneumonia
2995.7588799307464,53.40485218994131,95.07650776498043,38.164623441135134,0,COPD_Exacerbation
17732.199401701324,79.45177052847511,92.62723089801035,38.078952894038444,0,COPD_Exacerbation
13944.64545359326,9.771613067541574,96.4862875594242,38.50047396991168,0,Bacterial_Pneumonia
10749.868980902953,4.0244084505120385,92.52155865582546,39.48823010364807,1,Bacterial_Pneumonia
12259.858818439192,0.9568983972629597,95.50840157560874,39.173590054905546,1,Bacterial_Pneumonia
5935.299287157306,41.085707521983494,93.88294874526008,37.01900272591174,0,Bacterial_Pneumonia
22005.88390827572,37.36739893295672,98.50420100308867,38.75986299127545,0,COPD_Exacerbation
11581.495318888523,31.647816535342628,93.79442510564606,39.39603998758187,1,Normal
11492.276575722019,10.555866517651554,86.90787012717247,38.54812766862028,0,Normal
14265.949807544115,19.83130660260821,99.04768600285597,39.181882382667375,0,Viral_Pneumonia
13164.54154281521,36.10304190157288,90.37707079654952,40.01104340113069,1,Normal
12007.478109256092,27.468068599676634,91.38493464540473,39.12133859149628,0,COPD_Exacerbation
7442.864950496097,176.20532653525305,91.61735482382603,38.42437773607756,0,COPD_Exacerbation
13121.60760711198,5.867664504613092,99.49775237268327,39.14057962667628,0,COPD_Exacerbation
19469.11023413765,47.516702496818546,85.45730314408522,38.330399049787204,0,Viral_Pneumonia
17054.3902076974,20.721984032415975,106.55099413463998,38.22151273895646,1,Bacterial_Pneumonia
18169.33981987729,22.35861302606863,98.22422723626421,37.883727187857644,0,Normal
8699.529456059667,50.57691445676212,94.89295565651663,39.6070720229489,0,COPD_Exacerbation
6546.778308836386,47.16290301279258,93.78042399753485,37.4634142006522,1,COPD_Exacerbation
10433.958859551583,189.5754723145748,95.14221629943063,39.579130952210306,1,Bacterial_Pneumonia
11250.762105299125,5.496724965463324,96.08448971351736,38.64987771136634,0,COPD_Exacerbation
15923.861833119268,4.397490001626217,96.58086234380023,36.940624442678256,0,Normal
3383.909166283313,51.54331062694169,96.22241786401379,38.53088436369228,1,Viral_Pneumonia
17882.97643757276,34.54669001871922,94.358322725021,36.30997614311354,0,COPD_Exacerbation
10288.964456394548,12.817063698001046,93.2106463187707,38.762957215147935,0,Normal
9079.03518523661,3.3100274939118988,93.39490686538595,38.9967083346901,1,COPD_Exacerbation
6445.530311329246,3.5820348425563173,93.22036687858927,37.666879639913155,1,Bacterial_Pneumonia
3553.144976604036,89.84474049862357,98.53508038746826,38.31119292636003,1,COPD_Exacerbation
14704.267627828616,8.521161274398562,96.37422688912345,39.95874169037526,1,COPD_Exacerbation
11329.930852347818,15.625319717903231,82.23844546134288,37.74482796616426,1,Viral_Pneumonia
5195.175951165257,10.281273203825332,96.62360310611905,37.24698317164906,0,Bacterial_Pneumonia
5172.145525713728,17.53996939241683,94.7789447788751,39.53349706221634,1,Bacterial_Pneumonia
9488.968853194423,2.8780544292651933,93.92516497421641,39.966328471477716,0,Viral_Pneumonia
18510.596863802268,29.28049288102139,92.44592618764446,38.20332610466306,0,COPD_Exacerbation
9831.83891886378,2.8002738550976547,98.49645087994405,39.11031673186752,1,Normal
4235.856710968522,64.44888168637009,97.79010584849144,39.407328323977794,1,Bacterial_Pneumonia
9894.156211613252,10.647892307368242,90.90848932870557,37.53176419071546,0,Bacterial_Pneumonia
9772.743936135485,31.062187645943787,95.62820914849814,37.76322474816892,1,COPD_Exacerbation
-1135.9898932370725,84.83691265958967,90.11337306183486,39.307787061839264,0,COPD_Exacerbation
10755.673100669845,42.093281616410565,88.48152734084428,39.71651285083766,0,Bacterial_Pneumonia
9960.79461406095,30.453425302989267,91.49313110164015,38.706592774156924,0,COPD_Exacerbation
14132.928641660383,15.682241699365843,97.44957388953104,37.408167081848156,1,Normal
19320.302427254053,16.19872404895387,97.81250018150435,39.9883550005295,1,Bacterial_Pneumonia
16069.542632964909,44.28436602278944,96.05234168038918,37.72212619196924,0,Normal
9790.000892503263,205.57986698829217,96.90038314739199,37.898375996945695,1,Normal
6020.6334106624845,43.36934907860925,96.06471314845983,38.50810405104066,0,COPD_Exacerbation
22580.119114624373,32.63822043871925,91.43407361910819,39.598744378643296,1,Normal
11266.482953065197,52.46982096771245,95.72769017869577,38.96857837889701,0,COPD_Exacerbation
11062.681813608258,25.034917119296356,97.20163810091073,38.573378950325726,0,Viral_Pneumonia
10891.437108004986,2.4810737393287017,97.0171653192543,38.6169596771063,1,COPD_Exacerbation
11891.381423455348,33.04857040575844,98.75565348589858,38.23916320177912,0,Normal
10350.378146342258,126.44813709181341,96.83321538880425,38.70232556306666,0,Viral_Pneumonia
8418.520969038937,7.709566517628142,95.40579283016633,35.92339593007513,1,COPD_Exacerbation
8539.134764418235,46.847950338730314,98.2806009532657,37.933053286837186,1,Normal
10852.610284028007,8.972453749690319,93.89391496300377,38.417189741425105,0,Bacterial_Pneumonia
8554.588529898057,30.69997704105786,90.47250139508913,37.16408732474245,0,Bacterial_Pneumonia
7792.19397795276,4.066979348094436,93.34773214422495,38.5476909860304,0,COPD_Exacerbation
11478.936024613537,23.940466313835227,91.02038942077421,38.01597590111249,0,COPD_Exacerbation
9852.602521606152,56.45026634169827,91.29928690010247,39.779928128483945,0,Bacterial_Pneumonia
17767.968448622098,17.082150459418166,93.42192531713793,39.61571775269337,1,Normal
-929.364137768554,43.73445091504354,90.83032031600015,37.780774987793656,1,Normal
15911.780833651079,63.47770571665401,92.76815388144384,38.064246059589976,0,Normal
16607.38336623933,104.78938770816836,86.42554133218486,38.13344719095245,0,COPD_Exacerbation
1669.7439541633275,10.696467508622225,94.85317482949175,37.79350647145634,0,Viral_Pneumonia
9457.90582663843,20.387445316581392,94.00482190144889,38.37552248562532,0,Viral_Pneumonia
9328.51610301894,6.614613812896112,90.73164547572723,37.51754613800117,1,Viral_Pneumonia
4666.1973737698045,195.6261984819222,96.63698267372962,37.18244619855623,0,Viral_Pneumonia
7499.824905841061,104.69236388634289,97.75028055050623,38.76044010151024,0,Viral_Pneumonia
6002.40869540377,31.057423951964907,87.56976054252411,38.76657662579963,1,COPD_Exacerbation
18885.216995406303,73.81483968247886,90.94910088573515,37.47611581630601,0,COPD_Exacerbation
15210.552769163574,29.43867821193145,90.9234306008508,39.00581988768634,1,Viral_Pneumonia
16721.997927473716,39.08259394486923,90.24038759556454,37.63158004375121,0,COPD_Exacerbation
14247.524288194558,3.733959181720872,97.317899367727,38.42784871423419,1,COPD_Exacerbation
5919.26702952247,56.30405740622955,93.22469544490879,38.938309611351215,1,Viral_Pneumonia
8639.658801741018,5.465493409156284,92.94194063475756,38.169748691766664,1,Normal
13202.18552552563,69.96354939741357,85.98455054237299,38.609266820927026,1,COPD_Exacerbation
5500.424859986246,60.93556268074661,96.5416721208369,37.73521332050119,0,Normal
14208.492935775746,49.34220276374436,89.04296642058611,38.02318007491471,0,COPD_Exacerbation
9918.535708288393,1.4732147220621248,94.23973052106531,38.014726512207694,1,COPD_Exacerbation
9313.306366026813,14.446161602062006,95.10950775183277,37.52807948811379,1,Viral_Pneumonia
14199.319856915712,12.212805567165098,99.4426343833546,38.0409032531958,0,COPD_Exacerbation
12999.18490168718,17.86001048078068,88.76471840352355,36.80624353102263,0,Bacterial_Pneumonia
9375.65225381414,3.668945622895105,81.92195137671669,37.75796162757211,0,Bacterial_Pneumonia
16216.984115139116,110.55805203568296,94.73539817901478,37.9436120559673,0,Viral_Pneumonia
6135.215025800462,32.27972075052726,101.20204472604341,37.969438222754164,0,Normal
13771.710231249186,14.583924877904087,98.95578541175774,37.9826522987163,1,Normal
13668.955660857728,20.232297244263965,94.8386376610985,38.144412220125886,0,Normal
9607.041023087044,23.71054408970521,92.03345525747181,38.63149736627746,0,Bacterial_Pneumonia
12467.598600089532,36.71110680883168,97.22849038654924,38.98706536671927,1,Normal
5369.988906266136,29.000330081817584,90.10581520118212,37.61521129583656,1,Normal
15158.121586431054,100.72628186070587,95.90543107742488,37.117119230149775,1,Viral_Pneumonia
10167.940386006549,27.483700516831583,96.02188063666651,37.262160028981214,1,Normal
8647.746407664323,193.9305306144094,98.24083962999552,37.761517370924565,0,Bacterial_Pneumonia
15720.541516266001,76.26660453313121,105.03864015564432,37.88327081396515,1,Bacterial_Pneumonia
7830.453392557583,9.353547353577275,95.56966386871507,37.50700354042229,0,Bacterial_Pneumonia
4661.924166363981,106.71197842355417,91.96414549717001,37.0334950021751,0,Viral_Pneumonia
3995.168719142433,4.948511180397718,93.89770275123202,37.789491255273234,1,Viral_Pneumonia
13727.044781055378,68.02918296042903,86.92369638044353,38.36328395810258,1,COPD_Exacerbation
5238.067913766726,19.161664746683886,91.22114747564376,38.73552651925201,0,Normal
18896.573818929643,84.14095072972944,92.36287024754759,37.698319252202516,0,Viral_Pneumonia
1631.3176645232509,81.01531676622507,91.90364640826164,37.82830196007091,0,Bacterial_Pneumonia
18634.053657305172,65.5805063342979,94.60941948813489,37.36597152203743,0,Bacterial_Pneumonia
11949.578602411782,62.431707742570445,90.7103202704712,38.171704746662705,0,Viral_Pneumonia
10564.790996583235,14.53527478367147,98.48412266929789,37.43641422922827,1,Viral_Pneumonia
8547.864109359727,3.3752531680299787,94.00082825967279,38.71581503191708,0,Viral_Pneumonia
12796.112514584318,20.632198589691985,93.9627987154455,36.5927201572593,1,COPD_Exacerbation
10830.643839088183,7.623400934666302,92.68842113394832,37.876333294792786,1,Bacterial_Pneumonia
15964.858469074348,47.49132603909896,94.62076273543592,38.47099660527257,1,COPD_Exacerbation
11514.02441897918,16.992017048524254,97.30039305867054,38.365451064690255,1,COPD_Exacerbation
11676.357926578448,148.5436120850833,90.5314791371564,40.62373029758245,0,Normal
9363.74504503765,40.97420458144497,91.36753404369897,38.51482002211112,0,Bacterial_Pneumonia
10743.744693255196,69.14700701639751,92.78509588489334,37.296350862842196,1,Bacterial_Pneumonia
12385.107960014266,5.686728350662378,88.61651630610714,38.114082177619835,1,Viral_Pneumonia
3304.242233045186,79.22426173345804,90.72296856111402,36.601378299880196,1,Viral_Pneumonia
4933.165600524291,102.43205794464531,92.09511650582137,38.127460225632916,0,Normal
14344.688423102218,26.704005621929973,97.4975567228509,37.45024954869932,1,COPD_Exacerbation
11768.894471575739,37.28186199299962,95.0502453160077,39.02385124800415,0,Viral_Pneumonia
10172.074986412945,57.89442937327351,94.77435964547018,37.70541375286402,1,Viral_Pneumonia
11082.95269879427,7.687052338183172,97.4035918486719,38.094910675784284,1,Bacterial_Pneumonia
12564.11767412752,27.93170192865578,93.45051284640242,37.62799794273604,0,Bacterial_Pneumonia
8571.081438607873,20.34399262678271,95.56185939971556,39.764966216668,1,Viral_Pneumonia
7497.628735689593,6.330484441810441,93.58711298827002,37.91088151049388,0,Bacterial_Pneumonia
11881.303647939567,18.325179298269262,95.06144939759851,39.84930133913129,0,Normal
6597.322500732355,2.8242945081644084,91.66896536955367,38.93273658590644,0,Viral_Pneumonia
12837.137400715123,1.0460351987525058,84.24473136689429,38.63386005460185,1,Bacterial_Pneumonia
3338.373780929718,5.808721293142543,93.46288335125479,38.53185983258577,1,Normal
15631.200367965397,131.9981335990843,99.69099254439976,38.554417568394626,1,Bacterial_Pneumonia
13126.688670858694,31.898510662324917,97.70486160896637,36.465094678588954,0,Bacterial_Pneumonia
12152.13380441244,135.04711327536424,97.86158993836469,37.94900494526432,1,Bacterial_Pneumonia
15422.109427754813,22.660431640329996,98.94452288722488,38.96064217406589,1,Viral_Pneumonia
18494.635000081595,14.947969133228163,94.35463036384576,38.155992534873306,0,COPD_Exacerbation
15564.665292581587,28.220278991091988,94.78926282962239,36.935329137876785,1,Bacterial_Pneumonia
2716.065959007596,23.157875625061934,91.5293924182626,38.15283599448028,0,Normal
5241.903649689343,4.466980023935677,92.7357085758918,39.73369496462995,1,Viral_Pneumonia
8188.316400369446,40.95796817589971,96.46308459908457,39.32220254398125,0,Viral_Pneumonia
11117.409725948752,9.735798479933226,98.81553774867527,38.144196391570574,0,Normal
13329.465592111053,38.66001138023055,93.442214897276,39.05630434935228,0,Bacterial_Pneumonia
7734.152840809405,42.01587357298479,92.19924294059436,37.87014368166876,1,COPD_Exacerbation
11840.450440146853,6.596158062177857,94.00211183542639,36.66651557185595,0,Bacterial_Pneumonia
7600.7768044100485,2.532488358021255,96.40482699571646,37.367980610683404,0,Normal
8248.169886536232,60.70381972895721,88.22458073546584,39.60659989165738,1,Viral_Pneumonia
4670.025064183,24.63266488365545,84.81527618745105,37.95340622635363,1,COPD_Exacerbation
