ana_titer,anti_dsdna,c3_complement,c4_complement,esr,sle_diagnosis
1280,34.409374817395495,166.7186705808057,18.694982056405063,-0.49042573238348375,Active_SLE
160,24.48038084127264,164.96731223413985,15.6391891850364,34.81849994578937,Active_SLE
320,67.94723086114035,74.86847379528203,24.722047429241115,35.31772596118666,MCTD
1280,37.62411674192492,127.86037363538131,16.348643619214457,65.38233400526572,MCTD
80,6.224850406855756,104.46644784754305,22.14118042416042,22.76473862326373,Rheumatoid_Arthritis
320,2.5613852689684293,138.23076367697902,15.441414867630371,35.602427779388975,Active_SLE
320,35.99379514881119,123.42648838358697,8.191312362539872,16.690291706195694,MCTD
1280,0.940417543358805,27.05975066804434,30.2119172433325,47.46338861386932,Active_SLE
40,30.847158223255175,97.81954197961063,26.495742865858677,27.507644076197405,MCTD
80,98.60394093855031,116.94954270137022,42.598138619179046,6.548167822945148,Active_SLE
1280,29.987385595214057,59.797226149440405,12.604244440015677,29.73056356669684,Seronegative_Normal
80,17.195524227836753,130.3357703453095,20.119355614011724,37.81045795130002,Rheumatoid_Arthritis
80,36.07895052457437,56.65946653955394,20.843432672297748,35.10546774827126,Active_SLE
320,21.453459091788194,82.05463334040313,30.90432494453918,50.917934309917385,Seronegative_Normal
160,27.608502620171205,156.9459171895047,17.436028952806524,1.038872559186208,Active_SLE
80,99.33445011815496,79.0677773897506,11.46062331241731,13.145148199701172,Active_SLE
640,17.07746345725655,130.08884357205864,32.87028377614902,42.795746635910746,Seronegative_Normal
320,113.71821515273639,48.62491987319596,19.15014973664895,15.49462044077857,Active_SLE
40,82.51516643194716,182.84601298677995,29.907791587534387,34.809424986604135,Active_SLE
160,7.62636913291575,99.34062265294598,28.8597856071299,-18.39490494823525,Rheumatoid_Arthritis
640,2.5159454356104956,113.33622824317017,21.730985734879305,84.31893144625764,Seronegative_Normal
640,3.7178867418570576,116.26628787921378,20.431176654687267,24.605629368853275,Seronegative_Normal
40,0.6436460746531797,131.26484025159755,18.47591674303176,53.87912519976556,MCTD
160,3.472175407951395,56.82870059548381,21.863261841070095,23.26204348833018,Active_SLE
320,40.21062054020085,109.81322352071679,29.76790203553568,38.29397057461774,Rheumatoid_Arthritis
0,2.5847369431249456,86.94309109765251,14.832038370463785,59.83839292690545,Active_SLE
160,13.445501590320397,50.86549708726055,22.97961067188208,53.31612038416771,Active_SLE
40,65.2234114034047,144.54927700450486,11.932317146210732,25.910900406295507,MCTD
640,0.8241451113249028,97.67394557401433,13.053043902620265,27.294913492126152,Active_SLE
320,58.95856771650855,118.48821489643818,21.721549025599383,50.07133120366571,Rheumatoid_Arthritis
160,11.587921339387032,116.29458965548207,4.358577925355513,76.66488808570602,Rheumatoid_Arthritis
0,4.401254194018767,98.28017046683604,40.545027549544464,33.845653487980826,MCTD
0,41.76043929539697,179.12595737707736,11.262460405807873,69.14127281083283,Active_SLE
80,34.69897117516271,108.34573715798467,21.63920338609102,25.17171179159588,Rheumatoid_Arthritis
80,73.47955349304314,55.471668881316624,32.51395949635178,49.03920727019604,Active_SLE
1280,46.49027525675401,95.98665239358387,14.233851951245514,52.02311524494573,Active_SLE
40,56.94485320978924,127.49081670392387,1.2757270940975518,21.800789922944528,Active_SLE
160,11.59668518073585,128.6408288279693,17.995488158877954,15.058438413967162,MCTD
160,6.836665361415644,71.92766726583834,14.126616579314929,52.907783770947056,Active_SLE
1280,48.606473860189865,142.53188775706693,1.5126384226719796,19.368861255138864,Rheumatoid_Arthritis
640,57.54732141351968,48.29965748951359,24.56400903314979,12.113001746491944,Active_SLE
640,162.99517115490806,150.04473209157464,23.863844760096566,16.32080996401806,Rheumatoid_Arthritis
1280,18.622777395341174,63.8228238801908,32.28093809084517,19.287733231491767,Active_SLE
640,16.283536918660644,102.08141733469634,11.912598710316512,47.132342092513554,Rheumatoid_Arthritis
80,52.42840761702555,147.2599037309345,7.607771621976885,40.30085346552376,Rheumatoid_Arthritis
160,14.58567848257636,114.18619841104743,18.339492252580744,44.31316489515782,Active_SLE
1280,93.45482735397643,138.58444811997495,21.204916068918145,38.42759622196165,Active_SLE
160,68.41937050081872,131.65316858984764,30.292146426878467,18.123196755067227,Rheumatoid_Arthritis
0,19.61244633047559,155.01940146916104,34.69511204504643,43.942057118165444,Seronegative_Normal
80,48.642465077341136,147.1773447819799,32.930312205166125,53.64907653210607,MCTD
320,49.1621545399256,94.11894920122454,24.488893002034,41.690064322386185,Seronegative_Normal
80,3.8093131582351307,132.15295718277127,29.19549328153733,38.99311813251701,Seronegative_Normal
1280,81.49559883036711,56.57068484057887,16.23555908707734,14.65890986858647,Active_SLE
320,24.629762141486403,107.97332824317753,23.51555673227722,34.23634157948956,MCTD
0,61.29663951331655,138.6469657123489,11.278388746409744,13.59517341102597,Seronegative_Normal
1280,13.50073991575779,114.68466789861,22.56416857198186,29.51944283838792,Active_SLE
40,79.05766800910742,125.632390603098,22.79782027658211,-2.8053327845063203,Seronegative_Normal
160,17.254595892105993,102.5354668411973,37.49915745116473,-2.651168059841864,Seronegative_Normal
0,0.38138823153114176,149.51743031373,19.93915424658778,26.179046201059403,Active_SLE
160,82.52675539368587,107.18544792018525,22.810385538879576,19.031206563460206,Active_SLE
640,3.350396369196634,93.70924361585813,24.132652741408386,32.13574386948347,Active_SLE
40,13.46287716847636,141.0281094399169,17.90661715700392,27.304628417697618,MCTD
40,104.89403341158999,60.819402717243904,14.777565401095174,30.6038157442031,Seronegative_Normal
0,105.27823390363963,127.53616702310707,33.68930192362347,42.17214884713481,Active_SLE
40,29.819905186934232,73.51302940205015,13.17174301335732,20.73462088678335,Rheumatoid_Arthritis
320,34.97305281366836,154.7274390233358,10.048737354814541,25.61112376710274,Seronegative_Normal
40,20.825513226800016,100.86404613636216,28.122388413659323,59.10042445526328,Rheumatoid_Arthritis
160,12.145797256116897,114.7244652286891,32.42033357821609,30.061682536500538,MCTD
160,13.947021709263641,124.43996388254429,17.937313081594247,26.415790507492225,Active_SLE
1280,39.07132529749772,42.46103912900449,18.075518611151082,31.650253986463788,Rheumatoid_Arthritis
160,48.8543255782077,87.22953054551002,24.542891734961138,26.77271253980939,MCTD
1280,54.8868395677402,146.52410682502938,15.62932590931135,15.808554140935511,Active_SLE
160,54.55908611470596,140.3717758459811,14.964587314492281,10.039403256405592,Rheumatoid_Arthritis
320,3.3472931289111805,119.90612718883257,29.91633329187729,14.731373196999902,Rheumatoid_Arthritis
1280,23.871735880067458,62.76877500010668,27.464179907052564,47.45838373541574,MCTD
80,2.0748597257058226,130.49262113005028,33.800429976862944,17.401894905631753,Active_SLE
640,27.91114604933875,134.96898565719061,10.72669888871054,26.901507963274472,Active_SLE
0,20.389434624554923,111.64560245933107,17.47783761780445,44.01472570265795,Rheumatoid_Arthritis
160,76.53165324772804,152.810983270701,24.530616060425075,24.432176583780432,Rheumatoid_Arthritis
40,15.126706681375978,86.0798873454457,13.669412352030703,42.66722629687305,Rheumatoid_Arthritis
160,4.35770921433578,92.15498478750088,27.775186934391847,-0.815860848617338,Active_SLE
40,5.400767908974178,23.03859473199649,33.021643785036986,27.349666409162072,MCTD
640,50.17006914776828,142.19396285516822,16.749778249953867,31.577921931970174,MCTD
640,33.70169879118122,120.9851687214547,22.347327462043296,30.462774461963356,Active_SLE
640,3.7313049285884903,51.136288620336984,35.100568210730046,-3.058373956777678,Seronegative_Normal
40,3.074943258401178,48.449035000204844,38.193444175170995,54.06225292861609,MCTD
160,42.25229650785849,79.45792804201463,28.712211259543633,12.906541100571665,Rheumatoid_Arthritis
640,2.6441131334028998,137.77802796931238,27.340862558742483,36.70074250524935,Seronegative_Normal
320,60.381504883300344,99.487382916898,14.316371187835793,30.159285652946608,Seronegative_Normal
1280,42.87499135955017,81.83245791688863,25.232884604120567,50.07419047621355,MCTD
40,2.969706270310922,74.78594374207765,27.01138756697498,73.74977658748412,Seronegative_Normal
40,3.102885372223234,73.21808147601345,20.10666857295059,4.192710309143282,Seronegative_Normal
160,151.0410496720332,42.32125946123539,16.64701370899904,17.021722374550023,MCTD
40,16.409315389330136,67.74114589237689,10.468320938708306,33.78184987678104,MCTD
40,16.206934116635935,72.52976721129913,6.36043220453837,7.892933648944167,Seronegative_Normal
640,58.645139114893695,133.8918132760001,4.469048380109534,45.643652159115206,Rheumatoid_Arthritis
160,102.97575882871354,104.19969313986847,27.214983155805353,46.86745244314117,Active_SLE
640,149.40708788606943,81.10453049438885,23.329293927040993,41.18898151990074,Seronegative_Normal
1280,48.99647305407196,190.84029643921653,17.645699816130133,34.73163501752395,Seronegative_Normal
1280,16.520734986669396,86.7636080258667,19.01689332047825,57.39417555939561,Rheumatoid_Arthritis
640,3.0517897794285043,150.84860200342726,23.894234873774362,6.887490366622759,Seronegative_Normal
1280,52.5434889159119,166.73879952257005,20.51893236092265,31.30536390685107,Seronegative_Normal
160,28.607614264652256,55.051388181993,9.935021379965546,15.223942625395566,Active_SLE
0,19.32115938567408,112.58870374257488,30.217001982468698,47.79832665130337,Active_SLE
640,82.88831864173316,91.88632221821216,24.737135536028283,-6.666823290128656,Active_SLE
320,4.125807279015809,89.03764612042325,24.393086318324634,29.438322688140403,MCTD
320,23.7476788280534,129.4381885882418,29.538064330225353,36.70477374139897,MCTD
40,0.3996506301389584,88.19953262518507,14.677191795462928,11.05015730052451,Active_SLE
1280,22.132402935402418,92.64108337857353,32.92358293953258,17.476199355568667,Active_SLE
320,2.028265087307402,104.11597865311472,20.739614332519857,30.307579627442113,MCTD
40,4.4271848575909925,96.93102560682007,29.997389922977874,49.101927588829525,Rheumatoid_Arthritis
0,4.37591812026097,68.92504275457563,28.610041301388893,9.342615428258924,Seronegative_Normal
160,36.66489352424401,137.85672766966158,12.650783547976996,12.831001192506282,Seronegative_Normal
160,47.970920115876545,146.698582847766,26.526103644227224,52.51175542080688,Active_SLE
160,30.6443822021004,122.0266506337326,24.93647203762017,24.540492001603297,Rheumatoid_Arthritis
320,114.6152073185832,96.8206572142207,22.27280491744908,14.44921920310045,MCTD
0,16.44288022720935,85.31762422845766,21.15065424968157,44.57369594433832,Active_SLE
320,11.776420509719555,85.37329779757438,21.226960752539874,20.23606005535506,Rheumatoid_Arthritis
1280,71.03258883595804,192.5081727761448,29.31420483079596,50.54843070677548,Rheumatoid_Arthritis
320,8.857872370614869,142.82434055483253,27.201194624123588,16.725592460405757,Rheumatoid_Arthritis
0,115.60045371881688,80.59614724958315,22.274309652390983,26.80810876350008,MCTD
0,0.42801305256392574,115.76442396029992,8.572574681757628,48.899433307774636,MCTD
1280,122.58844230078186,97.31127412152232,26.449990726752567,25.47478257652497,Seronegative_Normal
0,1.5441649516475664,130.4330131654702,28.512522572600016,45.12106644157293,Seronegative_Normal
0,77.62024302060031,129.02246859762695,42.703690769022735,28.6890478643799,Rheumatoid_Arthritis
160,26.25501376222866,147.92633788669147,31.67889756794534,69.63383612800058,Rheumatoid_Arthritis
1280,173.48900127741115,80.23052394682315,4.9074125087607925,61.375572082056976,MCTD
80,2.6831481584059227,113.66573545233457,22.705864591167785,3.43807475132504,Seronegative_Normal
80,28.248838230667207,48.800855526486586,38.302375257984835,40.444873624960195,Rheumatoid_Arthritis
0,121.92513274396018,65.99308948499045,27.611939712114733,13.671920277979163,Seronegative_Normal
80,25.91553766133654,140.9435292795713,24.95786944335888,33.830138775854614,Seronegative_Normal
80,34.741990163341555,76.72606730081355,30.102057930237123,31.36741258620522,Rheumatoid_Arthritis
0,41.6465433340871,80.56819206832508,16.39859624508277,8.89225965815025,MCTD
80,21.21447144869328,109.71026739074827,26.302809969647104,51.169690870606495,Rheumatoid_Arthritis
320,34.56859605528077,134.3166360796289,19.745787649072806,34.0660588713815,Rheumatoid_Arthritis
40,30.723905163201447,72.87106214580663,21.82338862770573,24.30633928654833,Seronegative_Normal
1280,80.99814693189266,-11.828309006602932,29.456090641255958,21.237803515128103,Rheumatoid_Arthritis
40,1.6279011610218341,79.5421865249771,13.659582077570366,32.79553939532471,MCTD
0,11.544495406456546,152.1969827283493,33.59184226421745,38.158500350285706,Rheumatoid_Arthritis
160,105.13986020513259,122.00972678559057,18.19469235023011,27.50048427283468,MCTD
1280,77.33865399587201,156.33561813255247,24.345965498353667,-26.65039141552417,MCTD
0,21.2861341685867,70.38643502535565,9.395428357525512,30.337814324849674,Seronegative_Normal
160,33.8776560058642,52.62113063175803,28.478535617842514,1.1703587678044514,Active_SLE
40,11.370569696329555,126.18919934266391,35.0185354235192,25.810948687018488,Active_SLE
0,7.294145650262258,118.40079581897662,17.368226057036676,1.9087148586071656,Seronegative_Normal
1280,21.807050958143456,120.69440121320405,12.007989521413602,1.670047298410653,Rheumatoid_Arthritis
1280,15.258373711585667,142.65488249276987,24.501847582684377,54.70243643897056,Seronegative_Normal
640,30.668529710232505,124.75897233692909,35.09329580492568,23.598160381112194,MCTD
320,2.8322799551614675,124.19661575991326,8.951290910671847,22.066756803561645,Active_SLE
80,128.27360428828985,135.02524548303992,12.043226368944921,39.65048097657183,Seronegative_Normal
160,149.93529514433885,127.58458212654595,17.91229397519636,22.58818953855096,Rheumatoid_Arthritis
640,41.92523586694763,140.0106076101092,14.616905579223738,72.07612184254819,Seronegative_Normal
80,26.882745204423145,145.29822886725037,14.64533080051904,24.53960478547961,Active_SLE
80,12.9632755544026,163.60910804343203,3.1529143510260056,37.302508239660206,Seronegative_Normal
0,58.831750862079886,87.27830362837123,27.301512526652807,49.41882662753722,Seronegative_Normal
80,40.401535427708545,126.81967375937616,25.04848452582672,62.0450645121382,Active_SLE
320,6.211577893517093,97.03868209909461,6.710357201767191,15.159877286847198,MCTD
1280,84.64053821996946,80.82543544522566,35.11476183960622,21.640729923227106,MCTD
640,60.514807897854496,85.86608876218719,37.12983083437439,55.49183750587029,Active_SLE
80,104.71084837617026,127.32344311465339,15.241850051978973,46.201246081053824,Seronegative_Normal
0,45.2761401468647,124.63883941751001,32.498937318793054,51.50351871336917,Active_SLE
320,33.264140685698045,124.01442102334529,16.843019755081485,2.625909128806634,MCTD
40,18.95958773075897,102.10002233507333,23.63004859189955,60.959995078480375,Rheumatoid_Arthritis
1280,94.46564265414914,110.11951629124437,14.47814078481182,14.771849134303901,Seronegative_Normal
1280,70.3637333016422,138.62134435566173,41.92826371116048,33.84585956283792,MCTD
640,1.6195528528592975,57.87124291227428,19.335844954030918,27.03554244816459,Seronegative_Normal
1280,0.9352285903278977,110.86247344500045,23.13804120541116,12.430343269038598,Active_SLE
80,16.5321716554142,113.14846518443764,15.808563512825557,1.749284731579941,Rheumatoid_Arthritis
0,58.22767030486302,136.36564941771772,38.75184037512755,-4.876962332657957,Active_SLE
1280,152.74964138770588,62.741305582001125,38.979531814804695,32.38036812107949,Rheumatoid_Arthritis
1280,5.705332847706789,162.3296810931094,36.67836263136646,-0.5063818046691138,Seronegative_Normal
40,31.56034455755075,117.47706485499785,30.607963135128596,7.323688098262338,Seronegative_Normal
40,16.781579491533364,119.33031913432278,16.376894077593526,25.6392824360356,Active_SLE
160,122.62979940315869,95.95170849337207,29.45065086366176,-22.776170005197997,Rheumatoid_Arthritis
320,64.60696226017721,128.83078241788954,21.93661480967738,45.57959424088003,Rheumatoid_Arthritis
80,63.776651626445,111.67839175990869,33.81167759568369,-18.19776334213616,Seronegative_Normal
1280,22.134544989892074,152.3143680437263,32.04311848028825,28.452552173344543,Active_SLE
1280,18.754222771457215,59.547701317773466,16.15660979731668,30.300384531885786,Rheumatoid_Arthritis
0,11.178611225252142,116.14410404616778,30.530432225534945,40.76123440363618,Seronegative_Normal
160,2.0309437345692674,124.2979321932099,28.138310050395337,29.16638395220213,MCTD
320,70.01491490011585,103.47696619729179,-2.962065766221035,70.35815927666478,Active_SLE
160,58.664110373747306,95.83669618425338,29.20842975666516,34.326337631370016,MCTD
640,286.0355959236329,97.29649523609524,18.113837902238146,51.0722479848732,Active_SLE
320,199.32056902605166,116.11237442787397,14.025617911014939,15.530743822594243,Seronegative_Normal
1280,28.37280574244879,46.65143846567529,14.410654561356317,32.41513612378935,Rheumatoid_Arthritis
1280,51.28490815721913,143.77552363721304,20.782813939311716,60.95140190057853,Rheumatoid_Arthritis
320,101.36600890060525,93.19538463064522,26.32053622078015,25.24609750620718,Rheumatoid_Arthritis
1280,66.3170205148236,114.4730944078374,9.710841800270378,33.84469528390462,Active_SLE
80,9.945335560340128,122.84857933758235,23.708630525912177,49.6170689827495,Seronegative_Normal
320,20.958938958995258,91.59681144404651,27.190822595737647,15.15540959616731,MCTD
160,4.840372050958103,105.41365575503514,38.756252053026685,-13.231206666383866,Seronegative_Normal
320,107.8078325254598,38.766591578107366,12.309788476973829,35.11147307424738,MCTD
1280,32.614669590601636,135.62432625665753,18.853490318999764,49.77338338716005,Active_SLE
80,9.086130389646929,147.80241501127577,24.354966754268315,2.9710847021605735,Active_SLE
80,38.98403387106376,50.465225682143625,32.32668397172446,43.404397945546776,MCTD
640,33.69346521600751,95.77274931563083,19.261985069453676,43.53932774679075,MCTD
160,15.519716180398714,66.95457176157149,32.78777234791946,-15.469925182306081,MCTD
40,4.218869248946424,103.77908874794079,4.563739151711863,11.274227351864553,Seronegative_Normal
40,38.97044492316857,132.70227171523365,10.719866261903027,22.083424385366754,MCTD
320,25.71136484651132,144.5558114739819,25.137799099007985,26.40751999529526,Active_SLE
640,51.793247833618025,149.2648616299397,9.302579517209123,15.137314704640321,Active_SLE
0,25.70084511482303,155.86903386422745,11.429765259099549,14.05994392835636,Rheumatoid_Arthritis
320,66.91195389579694,102.2155527540552,17.250008221786544,63.42965782364185,MCTD
640,28.096394165752063,69.85644799432963,28.94295092724242,27.848817362821833,Seronegative_Normal
160,28.80901033430515,105.9893394892211,4.936316428234398,16.09912679700521,Seronegative_Normal
160,73.246552513042,132.16436258062515,23.532685259461548,29.176610461749,Seronegative_Normal
160,18.082655989584097,67.04590766777,31.296675524375253,40.74181666122287,Rheumatoid_Arthritis
160,5.036078438660463,168.10479337068847,20.245493124139376,31.032527534224158,Active_SLE
160,1.022175750123314,141.42609885661196,18.680527933667136,25.885448183440534,Seronegative_Normal
640,49.247010843190495,102.77014910490348,25.615941543027166,16.999666626590933,Active_SLE
640,33.893963847123786,85.11948243560656,20.271000525507038,16.75738309064802,Rheumatoid_Arthritis
80,42.618287172925676,86.58076216105749,34.514498031166724,18.04383227029281,MCTD
40,8.381852272270521,112.59721748300544,11.997282890790085,36.77629201621474,MCTD
1280,5.131439292989753,101.97090890443766,21.535202603514236,10.116398151964257,MCTD
160,0.5128016692984074,143.26759643489186,23.85117737464616,37.86538446940444,Seronegative_Normal
0,15.109054153027424,97.99584600940798,18.593913533381862,58.259895112536604,MCTD
1280,31.19890814827306,127.69256337140219,-3.8415439666171514,36.514147156263995,Seronegative_Normal
640,17.429365364640276,108.98762905387956,20.551855827557265,22.60828942165726,Rheumatoid_Arthritis
0,20.13618469899509,119.43842750889748,30.1015928822122,4.037462298907393,Rheumatoid_Arthritis
0,82.07715330435046,101.9480247541266,29.002982675134156,61.56213615823028,Seronegative_Normal
0,14.98359150487891,134.7700439437367,25.193006339531795,6.599646988021752,Active_SLE
80,25.25337598253124,135.2889028101527,12.119238774856989,46.97124068951496,MCTD
640,53.58051082018956,126.09751590377505,25.557785162126354,42.77035721188971,MCTD
0,17.67780459547129,131.26300145023265,16.839059606119857,25.264627940718807,MCTD
160,34.058166637357985,76.94709278599316,25.181346153538,24.74042392438644,Seronegative_Normal
320,69.40992252895073,121.31360170181428,23.09354510261544,-6.714225480820413,Rheumatoid_Arthritis
0,104.51666453811337,153.72206186206367,13.212622558449656,36.60130001625243,MCTD
80,5.567865776019259,127.19915984568242,13.967897445787868,42.3985266479161,Rheumatoid_Arthritis
1280,91.40819670647275,73.92488740194669,25.195202089793646,8.21839767704391,MCTD
640,23.712597334843572,108.25817216228204,20.009982142403484,26.883570513417943,MCTD
80,10.455740902298851,123.1242278418898,14.437467124085838,30.757238300179004,Seronegative_Normal
0,21.51054385797441,83.49101690855919,13.694528292458502,41.691452558991365,Active_SLE
640,136.9778584153207,62.46050811468265,19.265522368124056,30.07606152246375,Seronegative_Normal
320,23.74719524335759,98.93657460472156,36.11294315246389,-2.5263870792316823,MCTD
0,13.951561123517493,84.07086572113042,17.26529771009237,19.401244610750215,MCTD
80,35.122019588518086,109.4998839013511,21.873824155681703,34.49251570778039,Active_SLE
40,9.611996370046104,54.30083733762991,22.914798589205592,46.830566840795186,Rheumatoid_Arthritis
160,2.7613356741682265,129.76453718876544,11.820762476572511,17.647267812115064,Rheumatoid_Arthritis
1280,4.829132689934555,87.78882376473251,6.134507645415743,73.75299749100039,MCTD
80,4.795644842345249,144.85132828384747,12.760233387378422,-7.889461376739293,Rheumatoid_Arthritis
640,5.766596554483554,100.30854060712676,24.223696400256728,18.72599649884198,MCTD
0,5.231102312363079,109.11138337654295,22.785979521238684,28.339327930144535,Active_SLE
160,35.842941787653224,103.94377924560787,28.321659122359588,25.985016728942718,Active_SLE
0,7.026122496206857,85.91441084649045,22.870749054632046,5.3571534037033475,MCTD
640,14.844876052818183,196.5297811795431,21.01405637677717,38.95723495503587,Active_SLE
0,79.48409437949252,92.64468376974503,16.563889525673858,37.42188102627844,Seronegative_Normal
40,22.48333995763078,145.8232532862981,29.961461108764237,30.959228919630934,Seronegative_Normal
160,38.54511792783332,71.72298688778118,13.72737875151355,36.63687726517031,Active_SLE
160,6.619498098962577,123.02459868826064,12.006404344335813,21.524471771039384,MCTD
640,7.474284334828328,126.76052573761424,27.10349965649293,-2.3472590021713557,MCTD
1280,1.4604524451147858,109.15380580156547,10.001584204117103,15.667202598955106,Active_SLE
40,6.476657042295331,90.01483481261492,43.73311898792769,33.141091628188825,Rheumatoid_Arthritis
80,11.429184152090093,100.78373340851127,22.71994042503229,33.254888296927916,Seronegative_Normal
0,6.8184136119087775,95.88486743094079,25.13115504692397,30.827581051716958,Rheumatoid_Arthritis
320,3.251006775112865,194.07091986424095,14.724221579289518,40.974165359700635,MCTD
0,4.499467472267338,109.20889186943131,19.162616401826085,18.377079090999672,MCTD
0,21.61702701778827,128.37110725323828,18.159185948058816,30.53362114221072,Rheumatoid_Arthritis
80,8.08822722207838,172.35687816488786,17.123485110982227,41.441855568098426,Active_SLE
0,15.854339042882149,79.32884662090365,27.69665576358844,28.30220362995293,Rheumatoid_Arthritis
40,24.500181465001564,111.31810816087783,17.95381565597247,5.133521431878023,Rheumatoid_Arthritis
40,41.03601019043898,100.57848539115139,31.15751106175763,10.770232606889248,Seronegative_Normal
160,1.4037005535005398,106.98515440808227,45.968641151078415,46.61704648558734,Seronegative_Normal
640,56.22729853391419,103.734581150888,19.340128838681057,57.84944325885145,Rheumatoid_Arthritis
1280,34.600779162855375,84.3843020029424,23.370839622189617,53.50566215648098,Rheumatoid_Arthritis
320,2.9853400631716993,116.83935997488216,25.415338514489566,34.6431189948407,MCTD
0,72.38471444708317,72.80785279043644,38.30354331334165,5.937347959666144,Seronegative_Normal
0,88.78427412326248,144.61089580581563,21.2561699346563,29.872968864542624,Seronegative_Normal
80,2.205798964605719,131.81584323291113,14.538847723074737,61.24510263900844,MCTD
640,11.346189509502778,92.72880142725944,10.602935449368662,42.36976760912951,Active_SLE
40,57.43273141293249,94.42558375191491,21.478144473109893,25.850449546322547,Seronegative_Normal
320,48.277503407500795,119.64286968218886,17.96457802851506,42.57250465682433,Seronegative_Normal
160,7.139287122163017,82.05091395378362,40.090083603700016,4.6120958676879065,Active_SLE
40,8.221466091353664,173.4193043447205,37.92876178609269,16.08657244303596,Seronegative_Normal
640,16.197478850852942,122.5274005042119,12.690644548687619,8.316172179553503,Seronegative_Normal
1280,23.193189763401502,123.76421029842871,15.603159068057394,39.391436366968655,Active_SLE
160,33.70506419204932,133.850577812505,22.663930970981976,44.28206999440185,Active_SLE
1280,16.110939705012292,89.71878540754754,34.57503780302886,26.92347945603267,Rheumatoid_Arthritis
80,21.731188822732115,148.11534936246707,22.51311822733946,12.541406465208686,MCTD
80,48.16801291364449,114.00866781754124,16.17483425810758,29.605018129307453,MCTD
0,1.3080533312517462,143.2550914849591,21.47006371087548,20.26840218652385,Active_SLE
1280,10.182781765883902,103.07164057010843,16.34363622493558,14.07658590612511,Active_SLE
640,43.7322156234609,156.10473793559152,27.422294884955342,36.77987370618493,Seronegative_Normal
320,78.95183640157147,124.04702694586764,15.618696595017655,14.840155549626527,Rheumatoid_Arthritis
160,25.08726892729403,186.38774584619804,17.4060755281573,-1.3269946592818505,Rheumatoid_Arthritis
40,26.583532582357414,97.06674341122195,32.45740432110487,3.1177105927362625,Active_SLE
640,3.967646848923218,117.1592288631761,15.08471547417335,-2.0652093363189916,Seronegative_Normal
640,20.76001361292428,73.89483135954447,8.98484770695854,34.95023833152409,Seronegative_Normal
80,26.621237966935148,91.4745616858823,22.85494376220674,33.00810876352328,MCTD
1280,9.719248114122866,131.6540291746767,18.755739362158636,32.01040189016324,MCTD
0,10.978611415749034,149.52635531388253,26.602739508369584,41.75463304959885,Seronegative_Normal
0,16.57827446808652,213.7753623102253,24.85724741257981,53.839177122342335,MCTD
160,0.709637626261008,106.61798826818728,21.71273354820974,18.154669383497694,Active_SLE
80,13.605366643964752,77.33753073240408,21.45060917077004,38.12954954476836,Seronegative_Normal
640,8.314492746827046,136.36640161320344,15.377273956094486,-1.5923101481175372,MCTD
320,13.886223058119393,70.52604728245429,22.750123638939186,57.574194925267015,Rheumatoid_Arthritis
80,4.4647086149673445,129.74970858093576,29.931563032894918,5.10337523563686,Seronegative_Normal
160,77.42279649800587,92.42104993320567,13.238979327404714,15.798377619191248,Seronegative_Normal
160,31.513958485784592,117.40582396331376,21.95142361274619,18.045809725338152,Rheumatoid_Arthritis
80,39.78215352625611,148.18661357576335,31.345498801611505,-0.5254199344442423,Active_SLE
160,54.484816133222694,106.12432998217564,26.548816838950295,30.651511548171236,Rheumatoid_Arthritis
80,24.15127476471098,142.65076795150176,33.78525606715642,34.27807736402964,Seronegative_Normal
40,3.1826233081109545,140.5605492016702,16.88671903149099,26.211726580369,Active_SLE
80,26.95904271531879,44.74839650918169,5.523083964446205,-0.8049526406215346,MCTD
1280,30.937307025498075,78.44397388875497,23.805866235601183,69.66772469703423,MCTD
80,47.887582708294325,55.33675985115849,25.263137335238365,40.98461593003296,MCTD
160,19.776212728404374,180.06079858855475,34.31579759025408,82.68444087299918,Seronegative_Normal
1280,4.776963335525928,106.31128260969358,32.693311612362855,13.897815202274145,Rheumatoid_Arthritis
160,11.681676309159636,172.32902245383247,26.83069260711215,49.157644563539534,Active_SLE
0,15.789018891611821,52.84667018103058,28.888511927533905,45.58547774788327,MCTD
0,36.33786140676516,89.9531051408016,20.273606876140246,24.188497938052755,Active_SLE
1280,29.602360242049684,138.01743846180904,11.02796849812705,58.22101802118448,Seronegative_Normal
40,15.407236587813216,116.27461115493394,23.059490956428192,21.89179984772443,MCTD
0,150.71685202594344,128.65009624847104,30.843161172649996,22.782171611507856,Seronegative_Normal
80,32.579155296352326,66.11671181723601,27.907247828456935,-39.42859783876767,Rheumatoid_Arthritis
160,9.477808506487998,158.18812225076252,29.504266052434282,38.18056107485275,Seronegative_Normal
0,3.75700516187104,137.19556335150511,18.15019881657923,3.48980176635187,Seronegative_Normal
0,5.806090240643906,124.05689269220157,19.610078457834188,18.985576086089775,Rheumatoid_Arthritis
40,9.880739728829933,86.00364016213673,26.35082939303143,9.475607225099449,Active_SLE
1280,6.130770623400291,121.33300446620808,17.08143344942121,22.675369213634767,Rheumatoid_Arthritis
1280,7.227211090910314,99.79785073522784,17.35854637060298,38.87760460434871,Rheumatoid_Arthritis
640,11.74620468754063,52.23280764867834,24.681840127397066,30.22283126097515,Seronegative_Normal
40,6.664085178201045,108.23520018974793,28.84814268841217,44.19282581011614,Active_SLE
80,79.47630072745703,104.5144360622116,20.20424194003532,55.31259071171263,MCTD
1280,2.9272499407200057,147.1840528456292,11.531294850517249,22.62408126644329,Rheumatoid_Arthritis
160,26.019432253944593,31.79507451900291,15.37776476461453,20.428655159677724,Active_SLE
40,18.490694477125583,118.23199400991453,23.833048764037883,49.154553073240194,Rheumatoid_Arthritis
0,141.35247581055722,69.5551183162999,23.723688674793685,50.740945774798604,Rheumatoid_Arthritis
160,4.158957099409172,121.17281697684413,24.171143238898132,44.81181736206094,Rheumatoid_Arthritis
160,17.754029780985064,123.09980194520571,26.691657615361805,10.956423865213011,Rheumatoid_Arthritis
0,122.11708824443502,106.96043280044329,22.05229502688205,38.453101310032075,Seronegative_Normal
40,70.21854216888542,138.25525936838795,24.385504403562813,32.18941208094578,Active_SLE
0,59.45320619126628,66.39818793151053,21.5947585945402,51.05057882699327,Active_SLE
640,10.439627923672662,148.77021575985952,32.338601346364946,18.542558209245026,Active_SLE
160,6.5589836475270635,85.21723968320505,34.891078280957515,-3.332205822998322,Rheumatoid_Arthritis
320,38.659585953862425,55.543547232853655,11.29889845857969,43.80473600760545,Seronegative_Normal
320,92.76347832359843,100.46614103250668,19.70273252107972,-21.167367665142045,Rheumatoid_Arthritis
80,28.477764766665977,36.66948670620051,22.29452042386637,15.369731922073399,Rheumatoid_Arthritis
1280,29.67046465105053,118.89608622861708,19.59776759187111,9.53608977363411,Active_SLE
0,11.49662607837278,100.92623450969211,38.136303321977856,9.401306581885063,Rheumatoid_Arthritis
0,51.361581544423096,153.17904224816124,24.015597502807612,15.019370580898087,MCTD
80,7.247729375112479,132.71234736774485,14.751653556546906,54.3474713950326,Rheumatoid_Arthritis
80,13.688073459173141,61.280128198419646,27.36798105604604,46.41110838012746,MCTD
80,19.39505925244407,80.65643781087401,24.438770849615736,24.9653863601499,Rheumatoid_Arthritis
160,24.79697369256445,128.22325471869732,24.737736275980794,52.672469437180986,Seronegative_Normal
640,9.716440424936204,139.6477653494762,38.27088542919271,8.75405689667252,Seronegative_Normal
0,4.26941452504474,152.78753202104082,25.157066581793284,6.034332285056836,Active_SLE
160,33.01198801002748,152.5078249856872,19.267046285134036,47.27193318493181,Rheumatoid_Arthritis
80,11.919717895278962,106.8667086413233,4.402512163209093,41.59286458645294,MCTD
0,30.465857390235527,122.69294677879091,20.511408836708394,20.794731968333537,MCTD
160,5.868266346973793,155.45584763803288,33.7537292559447,7.2907821260373895,Rheumatoid_Arthritis
640,22.964248230998464,99.38420383224181,21.179477923994316,59.1946375007588,MCTD
160,26.619153684517723,123.29041654290432,1.8395509133244712,-4.4020510189563655,Seronegative_Normal
640,1.8625128009992464,98.5591727112122,17.514738470267982,18.03148129312879,MCTD
80,14.363426048314814,90.71681599371006,30.93419685021513,34.57153055035795,Active_SLE
640,5.052226439117606,111.69347914000312,26.912354571058138,66.04329616862891,Seronegative_Normal
0,2.291529057038371,85.9359792031143,14.44107193140338,37.66200424146441,Seronegative_Normal
80,161.04204589883636,105.41794095305877,16.912437012408265,39.60609306026598,Seronegative_Normal
0,13.619550788179708,73.77657974137536,18.303622068078248,18.612325997037455,Rheumatoid_Arthritis
320,58.10247148194645,103.35019644861671,16.03557605323363,41.369604505491964,Rheumatoid_Arthritis
40,10.286109200269049,125.69366027655516,3.7329351903437598,32.10618641758174,Seronegative_Normal
640,40.044947285712304,89.39327623276215,28.872319905578703,-1.7692908083511627,Rheumatoid_Arthritis
40,49.9823177989873,110.32521133858194,33.313539610201836,45.858697069862146,MCTD
40,31.69063079591989,114.87699077674425,8.333959504317338,49.407867796937026,Rheumatoid_Arthritis
640,22.32498254158451,125.83872121374671,33.19467639327683,46.067300976423255,Rheumatoid_Arthritis
80,18.576523472688223,105.32470555431745,21.072791187425057,30.66655851331604,Seronegative_Normal
320,15.016515559639119,148.0053219653732,33.02619113351087,10.876462337007055,Active_SLE
0,92.83946168772732,36.46783984918287,22.341553926614015,-16.18367462569731,Active_SLE
160,62.14624748996293,212.82134965087207,23.21990132942767,33.141072108029014,Active_SLE
0,117.36117362954921,79.51031825868691,25.351911822839917,51.63884119481698,MCTD
160,4.645498964263695,124.11865081739272,14.889403073782496,49.910649381661614,Rheumatoid_Arthritis
0,45.93929772111776,77.1536231427953,32.75206729895219,46.32145686787696,Active_SLE
640,97.51445428414343,132.54938558282555,11.907574257326937,28.515780429012185,Seronegative_Normal
320,6.998453339527919,119.67992034082246,18.381399299349965,51.74928348062994,Active_SLE
160,2.4083611115373906,87.22502619292187,26.71838209878852,48.483236477118055,Active_SLE
1280,47.29876036160177,147.55805708936097,17.417242835630827,21.547328785568837,Rheumatoid_Arthritis
80,29.90495004695344,104.26136921393275,28.997781167334498,43.53196033231695,Rheumatoid_Arthritis
0,64.54269994625173,129.15255783199515,34.38279555865561,19.280817091814168,Rheumatoid_Arthritis
0,5.269538624496741,77.89940681813873,31.11291400948453,40.80048463233844,MCTD
160,55.511753886115386,108.9189327549947,4.574962176892406,4.017667113978658,MCTD
80,7.881292057345803,180.11925435137366,23.132622726574215,5.555763826541571,Active_SLE
80,6.2550319637931295,143.70379351899456,31.25814349626753,51.16414093887815,Rheumatoid_Arthritis
640,6.280562979598274,120.76672644078681,10.149260378601488,48.7512024440953,Active_SLE
1280,58.9786148897403,94.28777103365714,28.512495285059874,42.67223081151663,Seronegative_Normal
640,38.29747736555891,112.36244875562531,28.00714703475381,31.759376421056608,Seronegative_Normal
640,25.913158472111554,116.91480965603337,11.091190972555612,-17.82548862048297,Rheumatoid_Arthritis
640,15.556149058732384,125.72299522219107,29.50809399166145,28.502481235870206,Rheumatoid_Arthritis
640,73.40209335530163,72.31688221378171,24.454280141769413,39.08366334379676,Seronegative_Normal
640,17.44094623941057,133.39427863298278,27.853436098491418,19.305335048808175,Rheumatoid_Arthritis
320,59.36289319968244,71.86424155968716,13.303188528113807,15.75011614383525,MCTD
80,20.239620838985815,167.08940482986552,23.35122504734246,58.888407763073836,MCTD
640,16.5591848036208,82.99300871540926,6.6560930128090865,28.794220172167766,Rheumatoid_Arthritis
80,21.74063709648609,120.38199118866615,1.5070791322025414,39.0959033928476,Seronegative_Normal
80,12.552584640072473,145.17999006473062,23.26745583874975,45.4826292323873,Active_SLE
40,48.18720595279288,101.16669847874427,31.905378460851793,9.971258469898444,Rheumatoid_Arthritis
320,24.45109854934586,121.92100066849504,24.27643132838572,33.86414845428388,Rheumatoid_Arthritis
640,9.248488584897283,160.2313542216518,21.428985424502688,56.392889889545984,Active_SLE
0,80.44189473427042,129.75410457626433,20.31219291950614,66.38446366599442,Rheumatoid_Arthritis
160,16.951610982554897,122.44427203860235,13.516911477012407,30.79872794429381,Active_SLE
1280,27.44988337622172,51.03251118128383,20.003251865842245,25.241129053058508,Seronegative_Normal
0,82.93234630483693,77.3197211540922,25.79516021438,35.380481362750665,MCTD
320,34.257975635006574,146.64220446775042,18.082999904794345,34.87274094055042,Seronegative_Normal
160,4.351011555022291,129.94826068694837,28.75528168452199,57.73516132262307,MCTD
320,98.37158393762732,135.2513195824776,23.763775304781426,10.072166216658655,Active_SLE
80,34.58269251271892,132.2388926275214,24.852814759960662,24.402538276679568,MCTD
160,14.273921044295829,155.1414784931381,29.99796478195864,7.657173462469795,Seronegative_Normal
80,5.249188721574903,100.8510026265707,17.259201106105085,9.758102284048462,MCTD
0,55.30004884880935,114.21749855762553,27.934425275682564,37.531480302782484,Active_SLE
0,33.87214276469983,73.99639834048206,18.521709544732232,46.19715683274053,MCTD
160,26.684485031715987,65.26920957972683,25.05563035436956,17.0121661251251,Rheumatoid_Arthritis
160,78.51561656877558,52.469074954417984,16.188057844270883,45.44189577950579,Seronegative_Normal
640,54.38965047936252,79.01927753500533,13.80366559241741,52.23157314263936,Rheumatoid_Arthritis
320,5.7571962044219305,164.33966354213746,22.826782710836444,68.6941199686678,Active_SLE
640,13.074689298853016,55.65455262643868,5.033199531809945,31.39493697682098,MCTD
320,9.998436649209328,99.37624050479808,19.333593008420063,17.20470945111734,Rheumatoid_Arthritis
640,47.6828821653944,64.73991367238449,7.542606949517376,9.9505613678821,Rheumatoid_Arthritis
80,1.1937638950243277,88.96591129488237,29.013106308822472,7.964136041602123,MCTD
160,29.529974473515004,115.93928273232068,31.450995364980226,54.99561402807213,MCTD
0,50.30948005509226,85.49594443782472,14.224439007212748,-0.3019068591130081,Seronegative_Normal
320,73.27835705350783,148.13827027557613,25.854816662261467,54.354969713024005,Rheumatoid_Arthritis
320,14.653610774078246,163.68923422973484,30.09222142318743,12.631179414957023,Rheumatoid_Arthritis
0,60.26327872393511,31.28164951804213,30.12222300251605,16.295876042811884,Active_SLE
640,4.103535978457207,86.0952684377107,23.93005750574477,26.968890899800407,Seronegative_Normal
320,65.58103850240907,112.06997427953479,28.60874208005347,15.926909008669774,Active_SLE
1280,4.773287068482479,149.41409591053832,16.156018192716452,48.6395950991915,Rheumatoid_Arthritis
80,17.72101209234525,94.10145036963581,22.74810219091012,66.2668790396555,Active_SLE
160,55.86018771642715,109.30226116639663,17.796069338883015,16.851356848937243,Rheumatoid_Arthritis
0,5.684762647214566,69.5139521231818,15.395908235931724,21.355243216707464,Rheumatoid_Arthritis
160,9.113755785566283,56.352145170817906,22.324570523226647,26.73358385432203,Active_SLE
1280,44.83650841757169,160.5884641354027,25.12777338542267,40.82113526985275,Active_SLE
320,44.55836601970931,46.157554413747214,32.47157891159488,26.93031442088287,MCTD
320,35.86954730580868,191.50166529475482,24.386399745689985,57.74514822105191,MCTD
1280,41.440059818066594,135.38029897836094,27.77737481465396,52.93247833123855,MCTD
0,27.386418541847338,133.79905764308646,27.87954855924584,6.290752928097998,Rheumatoid_Arthritis
80,10.152929474079347,130.14140336230506,46.18780929127264,40.419363311496575,Active_SLE
40,14.84641178276422,101.15600091996626,5.709708370546787,60.406784746190056,Seronegative_Normal
0,7.014044608078614,123.72295853953042,15.8085951984654,20.104381084662332,Rheumatoid_Arthritis
40,83.68066487632781,103.38861592754337,35.26650447239272,24.11470256412887,Seronegative_Normal
1280,30.64631691228095,129.35756467541677,18.831882326318734,19.439260042940894,Active_SLE
640,17.92859808176578,108.82097155819494,29.972228238415475,19.858487689529884,Rheumatoid_Arthritis
40,21.696762721240717,76.73781359143928,24.070085713865527,-3.369031038220962,Seronegative_Normal
80,102.99883079490239,79.52995843083853,40.94682161087209,3.433700970698985,Seronegative_Normal
640,5.826434254497523,75.55046686476237,11.982510156426592,31.549474374744598,MCTD
40,30.885561318799393,143.98152561770084,32.99620497266932,60.27195949305557,MCTD
1280,24.674805427761207,88.38936856393157,37.74623174745249,17.732783749634343,MCTD
640,33.08705113010755,43.07638936202989,12.870230105488002,17.14485394102884,Rheumatoid_Arthritis
1280,0.6396663142274032,123.88935330470818,29.04583219223212,64.0304214084147,Active_SLE
40,71.98427328892438,163.00811469063535,13.310518127538499,7.834850763680263,Active_SLE
1280,94.14959878419381,137.05791162121344,22.271454152816123,-3.2248632541284383,MCTD
80,29.14504123801892,88.88367521724007,19.690708628360436,13.429691277250004,MCTD
40,41.75047591840854,54.46158995417188,0.37521458590281576,16.74431042411268,MCTD
40,89.51142752459691,105.30061638248714,25.81810833740709,-4.949061693901307,Seronegative_Normal
40,42.99391086873813,104.42716426661515,23.29005250845608,27.439165874507776,MCTD
0,5.79286781934426,76.0780136390182,35.31171076065184,48.96892699723071,Seronegative_Normal
0,30.054575244839608,129.28630557848882,27.500292891845884,4.280904525703475,Active_SLE
0,32.66272999619053,174.63192752906656,42.61795531670886,31.751564379071784,Rheumatoid_Arthritis
80,19.31560763729874,117.77989511103993,22.963381438708424,37.91871351253546,Rheumatoid_Arthritis
640,46.67216063591872,115.6166672449596,21.050229531979234,28.332314494514137,Rheumatoid_Arthritis
1280,95.32869100168661,77.1970182908162,20.340790143546137,33.71385179482119,Rheumatoid_Arthritis
320,90.9256674568941,158.909514607113,18.043701600714037,33.94654525190422,Seronegative_Normal
40,20.977750370626616,107.36995416164942,2.1302417525568806,13.745440861631359,Seronegative_Normal
1280,4.206254659312447,89.73628606820402,20.018248356928382,59.971651440237366,MCTD
40,146.62108961922473,112.22909377780655,3.389307462076069,54.95513668152431,Seronegative_Normal
80,63.9001338786455,126.51864666363132,26.06830010127192,53.79822794482335,MCTD
40,4.660108590097218,114.87253930257161,10.839457367764737,50.273514810877266,MCTD
0,88.77077793371467,152.21536884847072,13.951006392204222,-1.4995893886604783,Rheumatoid_Arthritis
320,71.37983759294022,123.43900433914018,15.975308246507035,48.521247556239324,Seronegative_Normal
160,25.604298508902723,100.06203661911128,20.15558465968079,43.11202855099016,Seronegative_Normal
40,31.31498253901762,124.04172757144114,22.061814294451334,-0.7304722988756662,MCTD
1280,17.820769519315476,127.48729853940851,31.760316247657634,25.701792896998437,MCTD
0,1.9711352235152826,64.62684282576554,16.802229158432016,35.53586898650577,Active_SLE
160,14.28927102052594,150.22969048923002,26.321315226001328,63.2863419624927,Active_SLE
320,56.83327688731625,99.46835932235243,46.57780509901211,44.49447715788517,MCTD
160,0.16249744232200097,100.36368717730996,25.396156324869068,12.708685454433969,Active_SLE
0,14.199986380655904,136.2981595476581,20.375591899615294,63.90776916903926,Active_SLE
640,17.772233319913735,136.15078284908535,14.987635132645325,30.875595254277783,MCTD
640,26.98090584433586,85.470891239687,20.251016091217043,24.883177261938165,MCTD
160,88.33739166535646,138.101556635099,14.024016907515348,23.457636068223756,Seronegative_Normal
80,14.881198881177653,90.38431469786666,24.41795284015395,-2.4711047604626657,MCTD
1280,14.913727008547335,173.68505663445293,22.931897247754538,27.804609923677152,MCTD
1280,46.81281330829479,81.01321065569827,2.5400270117398605,39.94970514611316,Rheumatoid_Arthritis
160,21.06572207223188,118.38171115970638,21.83297794810539,22.29233344949569,Seronegative_Normal
40,8.903386579595388,82.62938270823373,31.685316813760114,38.409049544951166,Seronegative_Normal
40,21.079882270165427,187.79434701972764,18.407993330175252,12.712178581716385,Seronegative_Normal
1280,5.313697267598546,66.67626695695094,16.123929048295942,27.181441714447605,Rheumatoid_Arthritis
1280,6.791907612283386,128.35269615385187,9.600693041948327,36.330806532172645,MCTD
640,24.146081498098617,84.27813549327702,5.27807162538036,33.79321754126842,Seronegative_Normal
80,19.000667568960246,97.60623254932045,29.48214340356929,-2.1093017943809267,Seronegative_Normal
0,86.21524573384845,125.87382418108116,20.366695033787234,21.21988098257543,Active_SLE
40,15.75121040639049,152.860455316915,28.948194058030804,63.549258606252124,Seronegative_Normal
1280,30.41158343248452,166.8188796804666,35.781913701215224,20.151078513389646,MCTD
640,35.01367703812468,56.206821399078784,30.29122916419311,30.316150882236787,MCTD
320,0.46133306889807296,119.37129285275617,17.11864910705084,28.264884989021112,Active_SLE
640,38.124386896259615,161.08227611842327,23.303808981918,61.364795178393024,Seronegative_Normal
40,6.862052406973687,51.014117143332086,16.467044213587734,55.80736244389341,Seronegative_Normal
40,113.60993952953493,121.00342229191965,15.625403836585033,46.15061999637619,Seronegative_Normal
640,5.633141650856302,109.92706709029356,25.085336461623612,10.535153732549327,Rheumatoid_Arthritis
0,18.74253900878124,124.50896350329259,14.509355051936447,37.1836609838416,Seronegative_Normal
160,3.1224703177676094,82.96935911357336,2.1176354282016905,41.358834861502636,MCTD
40,201.88285653027657,59.753341012529596,14.006668938453611,16.02790328807891,MCTD
640,24.414140298037914,43.04127511873412,19.238069661813643,12.589657883046216,Rheumatoid_Arthritis
1280,31.6686763431131,144.1734383711736,35.6925864804873,64.1002829441406,Rheumatoid_Arthritis
640,2.430121778988896,148.64171977691737,17.58156295115771,23.983933755661422,Seronegative_Normal
80,48.51476893255997,120.5939872148595,26.607316819263474,62.29953637822297,Active_SLE
160,8.246099338759212,91.30480776091663,20.485225894341376,49.941875109890674,Rheumatoid_Arthritis
320,79.91601998840706,53.19339372869891,33.03764629483346,38.15753564750643,Rheumatoid_Arthritis
0,8.035608985629167,129.71709118767583,32.41386746917563,39.0506287271897,Seronegative_Normal
320,7.404965043308555,71.47272510071603,32.58557594715928,1.9916087933846471,Seronegative_Normal
160,1.3032019650185258,85.10454813338117,6.394148235243826,34.13549559668833,Rheumatoid_Arthritis
160,22.357502765341238,89.47025721530485,23.86051642520495,58.340408259632525,Active_SLE
160,29.12154362866632,103.08626710060612,28.83044740109753,43.62679006371218,Rheumatoid_Arthritis
320,2.3788429062704766,83.4335843476973,25.43384706330398,33.08673374128821,Seronegative_Normal
1280,52.29009077594303,111.17105698473058,27.729366932396463,64.2387439163406,Seronegative_Normal
160,21.13421276027676,88.2363594822763,22.525159038569296,26.29918554678392,Rheumatoid_Arthritis
640,26.01051791074089,134.5480572693728,15.296942139461256,17.608886499566317,Active_SLE
320,20.34135151256531,146.08720198958187,6.726123535123733,33.07663832156514,Rheumatoid_Arthritis
160,17.923437044622247,113.79899366099535,16.18987514216372,45.32934736223192,Rheumatoid_Arthritis
640,28.705720999825616,126.19192173833858,46.10298886274553,-4.3558819161652185,Seronegative_Normal
1280,5.904605236633442,184.12495823690614,17.62913941518395,35.69737286980835,Active_SLE
80,7.028178017301893,68.95888600985394,4.365487965183306,46.206900310726205,MCTD
1280,69.26322649036491,66.8286164551963,28.593844246561744,24.607167494062782,Active_SLE
160,102.231909824264,134.32492652719063,29.699140078143802,52.13929532605284,Rheumatoid_Arthritis
320,16.35557656162985,178.1289993130168,33.58591951136926,42.8237332482214,Rheumatoid_Arthritis
40,11.050597799243311,100.8825503321447,26.23880653336102,72.82766237022155,Rheumatoid_Arthritis
160,36.148814278306,170.43918447765662,29.61041363020256,14.987942048375697,Active_SLE
40,18.39213486625362,113.37518015777215,38.56195421357792,46.61419700992178,Seronegative_Normal
640,0.899995205642646,86.16894512863213,15.290738571440961,9.653521844051909,Rheumatoid_Arthritis
80,5.9424261154828715,75.3257663976804,13.505343651186543,-2.3073290255345213,Rheumatoid_Arthritis
0,44.053914094856594,132.02947547103756,12.148721144023641,-10.710616856357458,Active_SLE
1280,37.64774238111375,77.97643262760562,19.608073721554153,40.766480447938534,MCTD
80,0.9614450259554034,112.84468949684597,34.90080177842651,33.68495827888205,MCTD
160,8.784754085334674,165.4212758884433,26.752615309716113,20.418978852764923,Seronegative_Normal
40,9.196655263282585,99.26268624950204,26.398227574382965,-5.470086678992261,Seronegative_Normal
1280,39.004515298974816,155.99033161253647,5.626228642017487,16.192267477226476,Rheumatoid_Arthritis
40,0.6967583452248791,67.49097785957576,15.761318554872227,30.081860153509126,Active_SLE
320,3.8477620510480484,91.31318145391201,5.479081304241668,45.86338733586196,Rheumatoid_Arthritis
40,56.315644955368455,60.74995908247793,32.54121210389389,29.669284995047487,Seronegative_Normal
320,6.8837198308124865,112.55488645906752,36.27081843597159,35.04120685410555,Active_SLE
640,37.01946811222019,137.3027362900804,29.016100545163432,22.477352380517285,Active_SLE
1280,9.521701777314833,112.63154806621651,13.118925588344094,64.98448405054309,Seronegative_Normal
1280,3.6659011719704964,152.94675209895533,35.33820244254211,9.635007113435442,MCTD
0,9.751683074400654,83.77872657798045,19.720705809773108,16.015235654297445,MCTD
160,44.83831845839612,117.88699637911735,11.069866473226046,20.152838520129738,Active_SLE
320,67.75427181088753,91.53857367351503,13.320361708494769,40.85408795953448,Rheumatoid_Arthritis
0,62.06378499914475,122.65868048982793,18.128590279673467,9.222804204262388,MCTD
40,17.714987131628096,127.6307616174349,22.44620668436236,32.71437181095998,Rheumatoid_Arthritis
40,38.600687244160824,130.3838585994422,20.547902095133857,33.298202868531156,MCTD
0,8.028769361514327,72.52919816175392,9.285984236460756,16.1128405853324,MCTD
1280,12.14267560143809,78.85888643747009,32.91984768267078,36.59958921913714,Rheumatoid_Arthritis
40,79.33095200208164,85.34993021330838,20.64454672506841,9.843722025251376,Seronegative_Normal
640,0.45805159386997507,101.6391738246691,15.576215293564141,7.658517150765078,MCTD
640,3.1285498870657196,113.05152414722505,31.992721257844874,31.992115130428814,MCTD
0,8.156759808393533,134.78311926498367,11.349344305601221,-3.195111709561256,Rheumatoid_Arthritis
320,0.9411687328510909,80.31654552312689,7.339988347829368,-12.896054051004757,Seronegative_Normal
320,7.007105115159547,53.96432458043867,33.45238701938865,40.656666015936004,MCTD
0,30.61690550605283,185.45101071223766,39.02249064595305,50.979398851823404,MCTD
320,19.151521142873015,70.39914427716495,17.841135832137414,20.663937626149416,Seronegative_Normal
1280,78.11520572876397,139.2713303048443,21.586269928745693,16.63858695804459,MCTD
1280,59.524356605681746,111.09434070370361,11.680017569311866,50.11070451949119,Seronegative_Normal
320,14.63954818091612,118.79569742822332,22.04943295219054,7.089235640021601,Seronegative_Normal
640,10.511418825154749,109.9457322957434,17.718652626419228,2.7325475055768322,Rheumatoid_Arthritis
320,16.71389328379882,96.5305341318506,21.080844039685005,44.15272847416975,Active_SLE
1280,31.231121255015683,126.23902990232106,25.683325488375182,30.180763730246145,Seronegative_Normal
80,10.922159843534551,94.64944778099465,12.11669069772238,51.29753478580476,Rheumatoid_Arthritis
160,34.249678594148065,150.82059615328762,18.74369794690689,-12.805317575559583,Active_SLE
40,18.43226137479339,129.8954352189654,5.765967203996396,1.986520177628739,MCTD
80,28.107357828019556,130.98579396485226,18.805114442980408,30.28664119688313,Active_SLE
320,20.05238882818892,92.25069289801934,21.159093361747004,38.35347396967573,Seronegative_Normal
640,12.20799913418166,101.72758420188515,24.0608418255497,46.939941753789164,Seronegative_Normal
0,103.78435274032712,68.42305169752773,24.156188863268877,33.49635537617555,Seronegative_Normal
320,50.47890763064227,97.64443801460533,30.135304756631704,33.293103107171376,Seronegative_Normal
640,5.2834074343057305,73.7198429275296,8.143001326540121,22.21196913939603,Seronegative_Normal
160,70.99767247017634,155.957398045605,8.623506730447355,61.81809809809035,Rheumatoid_Arthritis
320,23.391211538167077,111.76875354579022,26.760621427532683,7.939530890590043,Seronegative_Normal
1280,78.73388216014102,115.96740322641507,3.6493485069512563,37.18040305111878,Rheumatoid_Arthritis
0,56.305005887546514,102.11987154274925,23.649701908944937,10.243823308239604,MCTD
640,19.381481674051255,116.91526227179928,11.377363543690956,40.695570916100195,Seronegative_Normal
640,0.795395631713904,196.27071725501892,36.155331768254634,9.259648612244673,Seronegative_Normal
640,10.951519172177035,99.4950900462628,24.254071669549997,44.876313970009164,Active_SLE
160,27.30307144879287,87.23554378515023,20.027595822582445,32.24209893649034,MCTD
320,35.129406617708774,128.5392596516905,33.04948789425261,64.89278346517364,Seronegative_Normal
160,10.43891379751286,21.599847823912913,12.429381940861443,24.379607054568286,Seronegative_Normal
40,5.252604659075044,112.23848754188265,14.139313293209725,38.4993223249509,MCTD
40,63.048548050683706,96.99004838474848,10.64690649710402,14.406874390785806,Rheumatoid_Arthritis
320,145.6218457115532,75.26903568873671,14.214646962859064,24.24213987117411,Seronegative_Normal
1280,26.10630914402304,127.77151846090251,22.55004048430649,32.114989588887056,Active_SLE
160,6.592420228102587,111.88959464560276,26.445566847943482,-0.5443984494274812,Seronegative_Normal
0,11.12567651051265,46.9156882377024,30.652795168307886,1.6475213163045588,Active_SLE
640,0.6496660593768102,87.37146675826469,5.5774835778933465,41.9971859967129,Active_SLE
640,85.99109846927449,8.910507818254638,20.453233121830376,27.07826356936641,Seronegative_Normal
320,4.384836534617105,120.2644259946726,12.026519219282784,18.141469339039563,Seronegative_Normal
1280,30.073423410385455,119.9154796454055,20.15241617660709,15.260276391664886,Active_SLE
40,11.209846501097752,82.23513371582143,43.00747222114335,16.030224085526125,MCTD
40,28.274243039244485,128.90394490890944,24.626755858000134,32.25101430016457,MCTD
640,36.88610218951094,65.11254826074672,30.09518474033421,38.9007172823238,Seronegative_Normal
320,61.96537173478261,76.17190409227524,39.64622144944942,-11.842144592504482,Rheumatoid_Arthritis
160,8.092088462658754,124.60166625338975,32.14622418857282,58.25668113539784,MCTD
40,0.38698553710940187,85.89666357629699,17.96876968281714,56.834015258839855,Seronegative_Normal
160,5.152282474058668,107.80700653291444,10.517511220870556,-16.61309527093799,MCTD
1280,80.59700350986135,90.27228404007802,21.72870157431234,51.718533926455954,Rheumatoid_Arthritis
40,72.47104732185929,95.61740952952856,16.89064794203183,51.10437702662086,Seronegative_Normal
