age,bp,bgr,bu,sc,hemo,classification
58,86.36729366084676,125.64928003818987,68.02459868826064,1.520861447001836,15.07170652674098,notckd
71,94.10803377443014,189.38629854470042,71.76052573761424,1.6153668535743932,9.208127882944858,notckd
48,66.98538365030939,193.54464918891267,54.15380580156546,3.382375347088531,14.309026468072187,notckd
34,82.18792778642464,145.73722675336356,35.01483481261493,1.5186643380064067,14.16865195409828,ckd
62,59.45193414925555,86.91104348492091,45.78373340851126,1.427618796166308,9.469775270154337,notckd
27,68.42328875760113,157.21647567345786,40.88486743094079,0.10346580117285811,14.585581664350402,ckd
40,93.18010322286344,149.91166280723462,139.07091986424095,1.095987062983827,13.181744483824836,notckd
58,76.40608237709286,174.1362004681785,54.20889186943132,0.24407666063493225,14.12595447180317,notckd
77,98.1407295602995,87.51159717531789,73.37110725323826,2.0058778787141174,10.084219035587168,ckd
38,88.06940005537993,115.97762760994681,117.35687816488785,1.0768420984881426,12.875340290928461,ckd
42,121.01633238592612,170.56268698016635,24.328846620903654,1.7102195200072625,8.237803614669192,notckd
30,81.4064814522792,214.83962331390347,56.31810816087782,0.06384917912453153,6.807521981167373,notckd
30,58.90392099227677,197.9553204775754,45.57848539115139,0.1329059020027178,12.852071066319375,notckd
43,79.48205515857788,144.92329226916786,51.98515440808226,1.88988056997439,15.251494016903276,notckd
72,65.5547656090081,110.75629856473114,48.73458115088801,0.11222164445193951,13.1323420356627,ckd
55,94.6577000121961,164.22923352075833,29.384302002942402,0.11088439030351813,12.341384840139636,notckd
59,80.62970096705034,74.51657376239177,61.83935997488215,0.018273570014693957,12.031164699862817,ckd
43,77.94092274353275,90.97991364434635,17.807852790436446,4.702539729329684,10.143586521392335,notckd
22,78.13801416677511,230.5862787475774,89.61089580581563,2.0063040645234915,11.945347740511734,ckd
41,91.10511226921608,164.12206880281533,76.81584323291113,0.6536964536005487,13.55421117066111,ckd
72,73.21306651482996,119.14839597362271,37.72880142725945,0.5276069718451482,11.411944417998429,notckd
21,91.65574692355412,189.74832107511608,39.425583751914914,0.6454896760003201,14.376467134589442,ckd
43,95.68356752519476,217.21849783097565,64.64286968218886,2.2351742995974755,12.989937584661508,notckd
63,74.86787431091928,113.32174650526159,27.05091395378362,1.6242735264427548,13.292448544433517,ckd
49,66.10930071182783,114.35552345303148,118.4193043447205,0.30721073266499943,14.721656883877401,notckd
57,72.30552023546568,106.84125359917967,67.5274005042119,0.2869393221825329,11.183111418362524,ckd
21,90.65163860545931,197.83101912292167,68.76421029842871,0.1553692367915092,14.148451465467378,notckd
79,81.38718307326646,198.41344685120742,78.85057781250501,1.6195506150502692,11.533808206870065,notckd
40,89.45112407901512,223.15419927746595,34.71878540754754,2.1682556988355737,13.3487862095471,ckd
52,106.44406208454842,200.51617699093015,93.11534936246709,0.4619219243303854,10.885571623408579,ckd
31,83.46430584417699,42.06691523428887,59.00866781754124,0.03175112767742269,10.22324044233817,ckd
77,67.86594662914459,156.85785925509197,88.25509148495911,0.12861736118540415,12.729661864121233,ckd
41,95.86135263293565,76.49687582917687,48.071640570108435,5.156482504256015,7.786999869947207,notckd
63,80.77041289219453,109.22513750171507,101.1047379355915,0.525282847955438,11.759331391227796,ckd
44,93.0867073649068,150.2356522148518,69.04702694586764,2.1994560649560304,8.484057485977049,notckd
68,95.99297816146607,190.13392390099423,131.38774584619804,1.469898758232057,14.44808508578402,ckd
46,65.61487855359832,86.54939945293535,42.06674341122195,0.7217537337439887,15.125276490272284,notckd
78,100.73006906257915,0.5168203128559234,62.15922886317609,0.3454170284338553,10.340121946447987,notckd
61,93.57682939934838,150.83185050832589,18.894831359544472,0.19411513358565174,13.57078240618374,notckd
47,70.94143441273206,298.614295003913,36.47456168588231,1.4318184427192209,14.74783928421873,notckd
79,84.56673679806279,127.82922681979085,76.6540291746767,2.2350428375113767,14.75617305625446,ckd
35,83.8581123647016,142.81492609701553,94.52635531388252,1.5488334503455634,13.036127084929102,ckd
34,80.35897721698755,246.92981711216473,158.7753623102253,1.1334984415297087,14.335761688903743,notckd
66,93.0787098321859,175.41647714370728,51.61798826818727,0.06428488096366355,10.876671720199015,ckd
70,101.56034492500291,153.01166221897628,22.33753073240408,5.186117294630331,12.7078061641417,ckd
63,80.10959559110948,166.52699991880837,81.36640161320345,2.40454417326654,11.33224148302306,notckd
74,99.96321991958128,155.0146359544189,15.52604728245429,0.5197093929564709,10.66553006553659,ckd
71,94.82303915756168,71.61473431059764,74.74970858093577,5.865810859075827,12.590158478674068,ckd
76,83.48444237264607,59.51329053201815,37.42104993320566,1.38150870670422,13.368825940395187,ckd
22,82.64271383078481,253.2096867274542,62.405823963313765,1.3099282530672756,15.408771919887467,notckd
56,62.71151942509977,151.03300111430946,93.18661357576336,2.067924942307522,13.162888818247218,ckd
70,57.488474101892386,146.0057265547819,51.124329982175645,2.5051343007658153,14.104826337403878,notckd
26,82.47534197164008,134.58634015662741,87.65076795150175,1.6027588361220744,14.133207933123845,ckd
40,67.16106623255948,186.86439605698718,85.56054920167021,0.20561349297057743,19.2188359142424,ckd
28,79.40545786940571,292.32146610424917,-10.251603490818313,0.6193408384732624,7.974918991818552,ckd
58,71.98005887224905,171.43716002646764,23.443973888754968,3.9483772596363096,10.780165332907055,notckd
37,53.17255242529255,104.71479042112684,0.3367598511584924,0.3815945818064159,16.1851401312202,notckd
23,85.3595681290495,131.99594852650736,125.06079858855473,0.6982216641190195,11.619967312866315,ckd
44,73.78202291915163,204.2597880323153,51.31128260969358,0.8486538400780965,14.714507844004299,notckd
79,81.20298068811222,105.03196391522015,117.32902245383248,0.8681348113849994,13.07502380940709,ckd
33,66.60319589556165,191.1347893418161,-2.1533298189694183,1.4237617208283477,17.763006003020028,notckd
69,74.97774128907899,0.7557575613121692,34.9531051408016,4.299053075670294,9.71736393234072,notckd
77,103.40570211699318,126.20722571321679,83.01743846180904,0.41302308641127966,15.554501381297033,ckd
28,81.92826500106622,177.68840080884016,61.27461115493394,0.1943114070074285,16.873953263181246,ckd
45,88.24364517594,216.20753279454294,73.65009624847106,0.32997997784079713,9.96395280708,ckd
72,60.9369228968594,90.89154697745653,11.116711817236006,3.269554621650828,14.457175608953365,ckd
21,115.83553936088694,49.834098942163784,103.18812225076253,1.5568861216143417,10.08625503542736,notckd
39,107.651206374808,124.35589010649086,82.19556335150511,0.5051126668185275,12.575403931337812,notckd
47,100.45153236427556,72.47485953518667,69.05689269220157,2.5387967816620804,11.858530174544565,notckd
66,92.43148966407313,131.0577999962282,31.00364016213673,2.963920108799543,6.493115162750782,ckd
79,80.22714917389797,139.60079272212576,66.33300446620808,2.811222191971613,13.560585649279746,ckd
26,86.63111025300097,60.851297287883305,44.79785073522784,3.768599314911348,12.858347919015577,notckd
63,95.72029615992429,188.2663466066519,-2.767192351321662,0.43601185862192315,16.1976974335144,ckd
27,70.5714537878644,130.56716639813294,53.23520018974793,2.110002331234583,14.027859136623857,notckd
66,73.33251883671227,204.82759214032097,49.514436062211594,0.9257785617781713,18.227209810196907,notckd
54,54.963014613642024,29.30568558223439,92.1840528456292,2.7677266306101775,12.767605955196785,notckd
33,68.42271383364867,78.96846976727656,-23.20492548099709,1.955638202902135,12.236174869994231,notckd
36,104.91952595912231,171.00015851888736,63.23199400991454,2.2471631307983895,12.039108373207261,notckd
55,74.98629363274448,92.05336575048409,14.555118316299893,1.6013762860263139,11.401028222420566,ckd
69,75.23229640234125,130.12786051701823,66.17281697684413,0.29298029643591883,6.980622709043578,ckd
59,84.76650548655678,140.04194705343048,68.09980194520571,1.181275536288307,11.949513432480106,ckd
23,55.816590392382146,149.4953588572021,51.96043280044329,6.266889892525418,7.330363183910019,notckd
21,94.18072535131351,99.34602723597757,83.25525936838794,4.156199082011149,13.630083361464422,notckd
25,98.99610283059312,148.95719380834865,11.398187931510533,0.06620016917637911,9.399849268823537,notckd
73,85.65944398190614,93.0473776859312,93.77021575985951,0.27015270172613237,10.264168442278951,notckd
61,104.77026479719235,180.45682812480652,30.21723968320505,0.21187671022902788,10.82647451291862,ckd
23,60.09752350796155,133.1093588310186,0.5435472328536572,1.9418307810905804,11.987662405466887,ckd
73,107.65573696627769,149.30219741573111,45.466141032506684,2.5538546710437693,12.517170637347592,notckd
48,69.03887895155519,294.19561038142,-18.33051329379949,0.3602655125250793,15.211198957682676,notckd
37,60.80120400105305,73.57373272399872,63.89608622861707,1.0573824207592935,11.056174766231116,notckd
45,76.43912058189997,223.31493614241728,45.92623450969211,2.7554776057167056,13.700365340555924,ckd
63,108.08008520708457,-19.561081422962367,98.17904224816125,1.9796454279707647,19.32716808305892,ckd
53,79.70836788650678,15.297400704863415,77.71234736774484,1.1721062174306924,13.443376756908075,ckd
29,66.01112515158378,65.56159533874575,6.280128198419643,1.3386697568550483,12.048775527670916,notckd
55,60.5758628828021,69.34829808350382,25.656437810874017,1.065014475102609,10.552120870179257,notckd
33,78.4232224288038,152.22210788833098,73.22325471869732,0.5297682750024308,12.014171136449178,ckd
50,50.075576426635266,157.39053585010808,84.6477653494762,1.2486897112022333,10.284449140976486,notckd
67,60.497107376098405,124.71072389765811,97.78753202104082,1.7513904466452188,13.17165356670943,ckd
34,103.14601477788625,131.0073219942523,97.50782498568718,3.0991711126611787,12.758860346598482,notckd
27,99.84895710726855,171.66588565589964,51.86670864132331,1.5171032323122815,7.094451947705517,ckd
33,78.07381780190438,189.9934326572445,67.69294677879091,2.147700569378289,12.453604985584832,notckd
42,73.0150284311818,60.40765903341446,100.45584763803288,0.2616580057336857,15.190365781600033,ckd
79,80.87763353460267,118.28654172601978,44.3842038322418,0.928611777999564,11.502220369493125,ckd
76,115.21995392675484,135.82461062521938,68.29041654290432,0.014063148246684235,10.867758068971094,ckd
59,86.07463263155788,169.1189597936272,43.55917271121219,0.42489550103680035,9.055748067207869,ckd
40,93.64607262439725,93.63997146359175,35.71681599371005,1.9444705284169288,7.855019895938989,ckd
35,76.96313711252674,134.64672946437986,56.69347914000312,7.207253161329208,14.578373167658135,ckd
64,80.91344910675741,141.79901807162943,30.9359792031143,0.15667156456663917,12.04630417605201,notckd
37,89.70744045180565,97.73179379242822,50.417940953058775,0.769978885082129,14.430053905008558,notckd
66,81.89142241736043,96.30109100312686,18.776579741375354,2.4146892283526222,16.328309361448675,notckd
72,51.53934526267013,145.92474665824008,48.350196448616714,0.3423012918923456,14.803119212275863,ckd
43,99.20811142516196,132.1792912407675,70.69366027655516,1.2148078685214236,11.144069196403011,ckd
45,70.77299483343005,170.02865116523793,34.39327623276215,1.9811605238522034,12.86216916164389,notckd
44,111.66976462424378,76.80447676130024,55.325211338581944,1.4356122557471487,10.963067837107705,ckd
79,90.30272769148957,118.95910832727276,59.87699077674425,0.3124281009501751,10.729278843495843,ckd
79,81.06458623459619,126.24703690678447,70.83872121374671,0.658652055784486,13.357037906006559,ckd
79,86.58990710155152,188.83183448741633,50.32470555431745,2.2972700623409814,10.41926529220457,ckd
64,78.3725316715473,83.57517352592586,93.0053219653732,1.2119165027942647,6.977120952278248,ckd
60,72.70350850921459,154.07912030930515,-18.532160150817127,0.007865003751367464,10.279630260681559,notckd
48,83.1139739192858,155.1653304522732,157.82134965087207,2.1468796002414354,11.732797128281568,notckd
34,93.27485700779998,238.7838345607984,24.510318258686915,0.053924815967331306,16.303496244579804,notckd
64,73.03205377032548,79.57463814162433,69.11865081739272,2.054060192029566,11.272656375321587,notckd
20,70.66644252640582,100.56600091295037,22.153623142795297,0.3393736029778083,13.779810227573188,notckd
44,74.6676703862546,83.75865906660074,77.54938558282556,4.757755079339679,12.079229415094826,ckd
26,94.28016640770042,39.813249675895996,64.67992034082246,0.6881582119344051,15.56601285967596,ckd
28,101.78825371193557,245.88121605576313,32.22502619292187,0.5938625164550345,15.392740963659897,ckd
43,85.43020867913705,65.50992614305264,92.55805708936096,0.24181741250267835,15.4404377630998,ckd
20,88.71971201053586,91.02167545670926,49.26136921393275,0.5470697795232858,8.165041176456619,notckd
63,70.5544871410233,218.94599049692957,74.15255783199515,3.139103418264958,13.016810118112486,notckd
27,93.15131974928488,34.81357718370708,22.899406818138733,8.413119346063585,14.397346500304868,notckd
43,88.27605515697611,185.38109415724287,53.9189327549947,0.6890336524031702,13.453846406473328,ckd
30,69.34808063108774,55.218539279493356,125.11925435137366,0.8929710907655543,14.091490814554573,notckd
70,53.18492582102327,214.80168419177522,88.70379351899454,1.9205840568673644,12.645877510713694,ckd
36,61.69144843577218,9.807338777548491,65.76672644078681,3.259913519194521,10.638039483183682,notckd
27,69.9619590772818,34.791835024960236,39.287771033657144,1.348576543017925,8.25725653753437,notckd
54,97.42905976620162,107.30466590246547,57.36244875562531,0.7452008991838972,10.88607642837881,ckd
54,103.29289663758989,198.30936141036412,61.91480965603337,0.7981296647255058,19.19527468409598,ckd
52,73.40723186788584,138.1425049618056,70.72299522219107,1.7842084031337664,11.28587205977332,notckd
78,73.88126970843057,119.85709562680574,17.31688221378171,0.004835180028351938,7.6015244347731405,notckd
24,83.92434583958699,220.76265244788306,78.39427863298278,1.4497558783388778,14.331623401822707,ckd
61,80.18219763609838,269.31437230598436,16.864241559687155,0.6589044175946244,14.638650021706612,notckd
58,93.96401125961118,180.33543706482632,112.08940482986552,2.3712562321661936,15.718310975380351,notckd
77,72.15217859619335,102.628729813923,27.993008715409257,0.14640376348478407,13.67744625926695,ckd
60,94.23714481671497,114.9114179594437,65.38199118866615,1.330834484066755,14.614003786167379,notckd
47,76.41162803195367,62.693157214560514,90.17999006473063,0.9836987428404171,17.100542837104978,ckd
26,92.80962066601784,146.04904533524314,46.16669847874426,1.542197994711967,10.636316269844711,notckd
28,75.93439306567186,42.22442084142037,66.92100066849504,0.1005782677660228,10.140373236440706,ckd
27,70.80357975637433,173.11181931857004,105.23135422165181,1.3011929506322164,9.763533651117678,notckd
31,108.68476459759955,260.33444273839723,74.75410457626431,1.2365404809043208,11.835576033765042,ckd
53,95.97840623820377,183.055494787583,67.44427203860235,1.233722839651026,16.08355604956292,notckd
52,53.11932349797178,111.85113678830392,-3.9674888187161725,1.3875721990611176,13.820170919365587,ckd
67,73.29839732315139,171.61624475790742,22.319721154092207,1.6926855867356312,13.721729881773046,notckd
74,98.07384382667861,237.23200670995263,91.64220446775042,2.452048965173989,7.951730178338191,notckd
42,62.05009296179717,234.22967811566832,74.94826068694839,0.47169777918937394,10.767032931908952,notckd
43,91.56017494284667,79.77452650619776,80.25131958247759,2.6148775332168466,7.910855917844907,notckd
56,90.00584155204687,170.6177833749394,77.2388926275214,1.0344969243894142,15.428114473303859,notckd
54,69.51280132862124,130.51391059578808,100.1414784931381,0.1202837811950537,16.46411623221433,notckd
63,79.86774430631289,188.3955948748212,45.851002626570704,0.0905025391125864,14.448916818100953,notckd
59,48.64973377054581,163.01683722900626,59.21749855762553,0.6102352625403823,10.033034885651137,notckd
41,106.55647274850078,-2.1832845690668456,18.99639834048206,2.3049572840955124,16.205056234039475,notckd
46,75.36361236204617,119.11921482218966,10.269209579726837,1.8448640760311763,11.866862724936974,ckd
54,92.05719577064387,151.9135017737775,-2.530925045582019,2.3311109947103965,9.463851798118347,ckd
20,89.20762012213137,53.93810197046926,24.01927753500533,1.0924437498227821,10.08898936347077,notckd
54,100.36821182149983,174.86132059195913,109.33966354213747,0.8702608678468549,11.424608411020408,ckd
56,73.50044889646159,48.55908549637818,0.6545526264386825,0.23928957634032427,12.623946301211767,notckd
66,83.05734091291201,92.09365715497678,44.376240504798076,0.596675722998548,12.096639470870516,notckd
33,88.38663803921791,220.47871518200807,9.739913672384482,0.8537931258288498,8.968328954572431,ckd
22,93.0881238714572,86.9733326681439,33.96591129488237,0.1391608074038426,15.533291022964105,notckd
20,97.31531507613386,174.43801755210052,60.939282732320684,0.3738693329709195,12.123485201407892,notckd
24,72.83927404137019,34.78557692547878,30.49594443782471,1.3677956706881413,10.715615359323373,ckd
45,70.03658835043366,264.8788794059085,93.13827027557615,1.9957963603645514,15.27575590495691,ckd
74,100.40167049372258,121.72678169076455,108.68923422973484,9.608209320951214,9.541484529333673,notckd
33,49.44386097541791,145.71924841686314,-23.71835048195787,4.057133406606473,8.427774541063714,ckd
58,103.55048420814009,150.7422077929379,31.095268437710704,1.5432034647043087,15.681218616496848,ckd
46,75.46513636885538,176.45401185988152,57.06997427953478,0.8203219649228966,17.228469623875846,notckd
28,79.93155756514555,48.84920102082938,94.41409591053832,1.5166331936697817,11.344759953371504,ckd
34,69.76486098319769,139.6798117498002,39.10145036963581,2.310228952114639,12.385074980207136,ckd
34,79.2770677169628,100.4738704531186,54.30226116639664,0.18891669672905104,9.63333821369774,notckd
45,99.06707338971373,38.62656643530379,14.513952123181799,0.7912073267545934,12.513731375608483,ckd
61,91.5629465219606,199.22733200772262,1.3521451708179077,2.747019767757046,11.310736840672007,ckd
79,87.39029725700608,118.86962098402456,105.58846413540267,0.7263557554273699,12.244678899912502,notckd
32,81.33309509197615,154.55122553675116,-8.84244558625279,1.2725005443150676,13.523145968993106,notckd
70,58.31585041291876,150.79072512368356,136.50166529475482,1.3292584237976084,9.754636304922883,notckd
51,67.3379462972339,119.9088636574332,80.38029897836095,0.3058871069255264,11.595471651918581,ckd
58,74.85198145053248,258.5016412178469,78.79905764308646,0.6746791418233956,7.990546445554554,notckd
68,86.86514681643258,137.16412084225945,75.14140336230506,0.6108504061329525,11.61253178971678,notckd
71,81.04478996778319,46.522860939399926,46.15600091996626,0.03981893282200442,12.266414822707501,ckd
51,94.75256459537698,115.97711838900092,68.72295853953042,0.03673378690579548,13.072456062652694,notckd
23,87.10441081591347,169.98425720672662,48.38861592754337,2.672984418208709,13.098941350908023,notckd
49,80.81525866907857,171.95570656223308,74.35756467541678,0.47838930964505255,14.75980687684214,notckd
56,114.13641946350805,74.7331438842943,53.82097155819494,1.094961890577781,8.650833701816701,notckd
42,86.09340027574892,195.76895044068618,21.73781359143928,0.5322839851198395,8.784307425124265,ckd
58,73.52086697587441,34.22798426773759,24.529958430838533,4.237194054237785,13.822394840981302,notckd
64,107.89950509730394,208.6481121569851,20.550466864762377,0.4502328273008915,7.40259680748646,notckd
34,98.00617322620097,60.83912665175567,88.98152561770083,0.8422755246278857,12.958250530262482,ckd
62,107.24131685365722,126.42528685947943,33.38936856393156,3.092169649673389,9.549267651025266,notckd
48,78.33602096555735,203.874120681602,-11.923610637970107,2.7671098064731927,16.432036602292953,ckd
55,94.64463689721654,147.17634013322416,68.88935330470818,0.30887926903584295,13.126131019319443,ckd
32,58.207258113914584,189.0019110628142,108.00811469063535,2.434113865873191,11.952109950717345,ckd
51,91.76009616371252,177.11971758259594,82.05791162121344,0.9192512197236824,15.569302192847946,notckd
26,77.63414062618845,217.17611680427606,33.88367521724007,0.9894782963306888,9.841494983572623,ckd
78,59.67413066723102,203.7325910548227,-0.5384100458281205,0.21490508534685399,10.31647591478048,ckd
70,95.48900606026965,112.77534148781349,50.300616382487135,0.12605346310998505,9.346362915862228,ckd
41,52.84803012505976,177.9764980276079,49.427164266615144,1.9525951521771585,10.337401934127518,notckd
47,51.30940224403672,48.406888298135215,21.07801363901819,1.0291416218952751,12.65278902341847,notckd
21,85.43714688207953,136.5257055597329,74.28630557848881,0.8613157562116969,13.734879679984301,notckd
61,88.57021265490182,189.10908407831238,119.63192752906654,1.9612704019725569,14.903554213418857,notckd
64,94.55785730019817,148.03085925476,62.77989511103994,2.175532048451078,7.938189882748151,notckd
76,91.12944524794197,166.79838389102514,60.6166672449596,0.2595816461405992,12.070342533841771,notckd
72,102.14987938144444,127.20365744205252,22.197018290816207,1.4132790193752705,9.729588672022995,notckd
25,90.50364430043629,207.74416625210856,103.90951460711302,0.21815279929181208,11.986782271279747,ckd
47,78.01550834086306,135.17505357746043,52.36995416164941,2.087714831741024,18.3354089503176,ckd
47,78.8958332631214,112.07298905575679,34.73628606820402,1.604841150923916,13.229654405000037,ckd
63,75.76668216519182,193.19104475414326,57.22909377780656,4.7064491789404865,14.748662427870615,ckd
63,84.43216286634775,55.6904046581324,71.51864666363132,0.10717636126279842,17.401728180402618,notckd
39,63.53981197150012,170.0620006110407,59.87253930257161,0.0881205402372562,15.318395607936896,ckd
49,85.11383297838431,77.45090754637168,97.2153688484707,0.49731944039229603,11.380213800782538,ckd
30,78.7037973975258,216.6756097542899,68.43900433914018,0.45511909703457476,9.310419783575155,ckd
77,84.13452736831111,124.33836480519227,45.06203661911128,0.42549284444359087,12.424639326197871,ckd
74,84.18084552455991,148.09908324918132,69.04172757144114,3.5507587113244643,11.080735539453286,notckd
47,43.216030980264,164.75422379864736,72.48729853940851,0.43061578284540997,8.688696783452064,notckd
44,66.48059272002999,24.21892422115056,9.62684282576553,0.47607776348129216,13.102312493223671,notckd
58,78.37057003866717,100.9649095065886,95.22969048923002,2.1369183803957417,13.164715745148332,ckd
52,79.1677256255349,202.61275455719323,44.46835932235243,0.8960461482975856,16.922791750658217,notckd
20,83.89083963499542,192.0659014502533,45.36368717730995,2.2489295973876895,11.595592327907966,ckd
76,84.53522435497464,156.98193232371298,81.2981595476581,0.10140065814288773,13.200303472423622,notckd
46,102.74349984400844,59.032185714468596,81.15078284908535,1.002890238155605,10.836286463274462,notckd
76,84.68687721646921,175.13020765151475,30.470891239687003,0.051287287406924745,14.682923576733664,notckd
71,75.30464437675339,182.80397541232674,83.10155663509902,0.09705292726594789,12.188455509524676,notckd
32,56.01314791193776,142.8210327874247,35.38431469786665,3.553687677218226,9.568520977868143,notckd
60,59.47114826687214,213.39025703548742,118.68505663445295,0.22491869856966756,12.466320445837106,ckd
22,88.03237714962808,98.99409259219262,26.01321065569827,1.1402794215933147,13.476307243912503,notckd
58,95.90670221165702,109.4085453500015,63.38171115970638,0.794237132877842,13.138183468533907,ckd
25,103.12056495377274,-9.076694745148872,27.62938270823374,0.6400560833918049,15.114741788739673,ckd
27,67.5816038162643,195.1896506088598,132.79434701972764,3.4513799055132406,8.879859069898275,ckd
46,75.4420334685361,158.83171780820805,11.676266956950942,0.03309757403250229,10.393143524962646,ckd
28,83.63500529124669,39.09078049200625,73.35269615385187,1.6350275712490343,14.099468329488843,ckd
56,110.71098381695357,34.48406000035116,29.27813549327702,4.96133246920255,10.686827555097322,notckd
52,81.72292202320844,87.64216235773935,42.60623254932046,1.232044290421278,13.101178123325518,notckd
70,103.26894282099457,187.61947651882122,70.87382418108116,4.142709679378679,6.450636881470594,notckd
61,82.54959354360962,121.97837071468228,97.86045531691501,0.08050925744373608,19.289866430782205,notckd
63,97.29867779642684,91.7127850003805,111.8188796804666,0.8139732784459441,11.825703671106659,ckd
43,95.39869769828117,79.63304641499025,1.2068213990787824,0.45197751982603307,15.484890649970694,notckd
34,82.49132198762227,76.94528253030879,64.37129285275617,1.9685678446097106,11.657755436041272,notckd
78,64.69425129106767,23.979301933546388,106.08227611842325,5.968614268262524,13.536746321827216,ckd
73,75.96358343106574,67.55625010121753,-3.985882856667917,0.4446404213754771,16.22979911586318,ckd
51,102.33567760826719,75.76531521936995,66.00342229191965,1.5927318897450475,15.414515048020963,notckd
51,93.16737752720171,180.95739418742878,54.92706709029357,0.33115262270141943,11.988862550786939,notckd
43,73.49524509842229,130.0566168112031,69.50896350329259,1.2497531132219375,12.16186418651577,ckd
60,74.86537042063401,90.46490941895232,27.96935911357336,0.9352427522584827,15.008916400458213,notckd
71,54.036903443516486,278.5833653243712,4.753341012529596,5.363611696362173,18.333111010713253,notckd
68,101.66508187972717,100.16618518720006,-11.958724881265878,1.4067591420566,12.980706685997603,notckd
68,93.2909534036923,210.02617486301816,89.1734383711736,0.6450356651293658,17.392659101354102,notckd
77,77.94383268437221,237.2665134672629,93.64171977691738,0.18171966536343026,11.896463973949485,ckd
71,83.00201628760134,45.80237974055942,65.5939872148595,0.24598029558215442,14.879900908774504,ckd
31,47.43701257804385,144.4377778444141,36.304807760916624,0.38295191271132345,15.252889405618216,ckd
58,72.69928255935876,108.94798094550654,-1.806606271301091,0.43345767834205473,11.475098740368066,notckd
21,100.01668461296204,104.06453620643985,74.71709118767583,2.851853241394666,10.632304801745896,notckd
22,94.72321065095122,173.32260900841447,16.472725100716026,1.235645227675192,15.363472971368383,notckd
68,84.96050835595898,102.62777021460299,30.10454813338118,1.1115879671781652,11.171107656892358,notckd
56,79.77922612047595,110.24185722041176,34.470257215304855,0.18285975951194686,10.264125218311493,notckd
68,91.9460814454449,129.9131062624824,48.08626710060612,2.9506667462326313,10.790101245502258,ckd
75,75.7792234017337,117.59604389740585,28.43358434769731,1.9246014178107909,11.160966653936471,notckd
36,55.02960205707488,69.5857875792725,56.17105698473059,0.10510003907927445,14.641542761564194,notckd
78,79.90701290489191,187.75439029084845,33.236359482276306,1.8456553509036815,13.78760668319047,ckd
68,86.04678990628366,202.91185631045602,79.54805726937279,1.1763754509260758,14.289145611894728,notckd
21,96.84016527197032,160.61711537211303,91.08720198958187,0.1278881182045024,13.553449527745206,ckd
21,58.38206359256002,117.40684093866405,58.79899366099534,0.9195661809100537,11.015399594383403,ckd
47,78.15633040172817,97.68735582021313,71.19192173833858,0.9944982276224026,14.24275713977068,ckd
73,78.87044517867315,97.78279622441322,129.12495823690614,0.2718773664327247,15.45613456651326,ckd
42,63.48122142729332,281.4425819019625,13.958886009853938,4.3697953910992435,13.961258040298274,ckd
56,87.31509912384941,196.27029809399863,11.828616455196302,2.8454337123520275,13.624139766564626,notckd
51,91.21052047417702,89.5933952849997,79.32492652719061,1.6585565853903268,10.582363733573308,ckd
52,75.63961537953435,149.88186964622844,123.12899931301679,0.9306693595033285,13.029542697436195,ckd
20,110.82638912932208,118.24789849403825,45.8825503321447,0.795944507635266,10.449396676378246,notckd
38,75.20959988699512,175.02802256937744,115.43918447765662,1.5789110014710879,12.43993035479849,notckd
21,73.29974793964,172.6099461673605,58.37518015777215,1.1826112114556886,8.39933340193671,ckd
72,72.86492978047096,205.01657923432822,31.16894512863214,0.09644479504068984,8.418603992519767,notckd
63,67.76751390067267,88.96661248026827,20.32576639768039,1.0777056329010533,12.022380775132426,notckd
45,71.61461760149214,146.28411791828782,77.02947547103756,2.4629696825521985,11.128900820432525,ckd
51,58.48866696151214,35.08718090254843,22.976432627605618,0.9221692426983451,12.766967983685433,ckd
25,77.12700764130061,64.55958197426934,57.84468949684597,0.080032460262674,12.163078552212202,notckd
51,80.86211004536445,193.04605019355077,110.42127588844329,2.3146201602168555,12.575476968025388,ckd
74,45.757962649388034,82.95897251568037,44.26268624950203,0.33727460052881103,14.02151860589185,ckd
23,78.47075731280214,89.5454721171287,100.99033161253648,0.44886463612255534,11.341827610847918,notckd
74,80.63201122612894,139.50331552699703,12.490977859575766,0.26995791512610245,11.951390470887842,ckd
30,87.71883486035809,181.68566185079237,36.313181453912,0.6011979157075713,16.137553056907908,ckd
75,98.06952608863737,76.35039224995423,5.749959082477925,2.1205076217247742,12.507710317062568,ckd
78,92.77031396900765,-68.84852972560503,57.55488645906752,1.0990358002860643,12.051973813436527,ckd
36,70.69454416196672,87.7866054713893,82.3027362900804,0.3438957521806326,12.706281748307973,ckd
57,68.95381741613531,212.33768467717024,57.63154806621652,3.1535136018982315,12.096589067476174,notckd
43,88.6925660232478,160.58810306101242,97.94675209895532,3.1751775766197516,10.72606926761694,notckd
24,71.79080245493718,219.4324882272328,28.778726577980446,3.067020270153655,10.004925407050699,ckd
71,61.57918971314564,72.09103147203825,62.886996379117356,0.40928124961038115,10.591421649624987,notckd
53,115.61212615100895,41.63622394015662,36.538573673515025,0.9001393446484396,14.682297966926967,ckd
25,75.3391360307421,167.75291315885244,67.65868048982793,6.298523587394927,10.925236863203969,ckd
41,70.60213725967185,154.40136426110277,72.6307616174349,2.217696558274168,12.112688495409309,ckd
30,47.11804915637032,158.33325922263552,75.38385859944219,0.041314917955322286,14.251840712832244,ckd
67,92.77103138568243,195.9797985590341,17.52919816175393,0.10114138172866577,11.804022072972554,ckd
35,65.18096231305188,165.3010954347356,23.858886437470094,0.9352396466565943,14.083403287109132,notckd
52,80.42930839351739,164.33705558842274,30.349930213308387,3.5989778244805213,8.648017393922833,notckd
28,94.52934734456632,182.90042082806846,46.63917382466909,1.1605658790058808,12.168708301145259,ckd
79,65.41597178413893,170.14499793122164,58.05152414722506,1.0331726085733381,12.69724024149627,notckd
78,81.19223677726308,191.44675590304433,79.78311926498368,0.16719146177490662,12.55784680774542,ckd
25,102.85681115290713,200.51124948671492,25.31654552312689,1.6040759146964436,8.367703255402791,notckd
35,43.14879414704781,231.9013280744549,-1.0356754195613316,2.5898271759452993,15.507781616077011,ckd
48,67.84241229531172,101.04852050577925,130.45101071223766,0.7180701929507763,10.363317637571457,notckd
22,66.43187174319394,168.83372644464484,15.399144277164948,2.2415668775075575,13.337592813156169,ckd
39,77.19642316159387,117.7805978841622,84.2713303048443,5.006347743078147,12.519910706618326,ckd
79,79.28313683939693,89.986460763244,56.09434070370361,0.34179411467011966,15.009273809526695,notckd
78,64.08106050580115,98.62758073517803,63.79569742822331,1.1113951165532034,17.968722073435515,notckd
55,70.18439980830476,169.69733105369153,54.945732295743404,0.5077010503335808,9.27408878864291,ckd
38,68.40162544320765,165.09515328716003,41.53053413185061,2.361500164826211,10.877715296818753,notckd
45,74.73816132240697,164.0247217543062,71.23902990232106,1.2926802614094672,12.97273123459763,ckd
22,83.27334098796645,126.45718114584001,39.649447780994656,1.5100717767499139,9.73661670611802,notckd
38,93.65846183556621,140.20488507070462,95.82059615328764,2.3985940791765996,14.4554565198894,notckd
39,95.82996494819622,189.065161752563,74.8954352189654,0.7561982938826706,14.608431555392647,ckd
51,89.80451392002986,50.63641642104163,75.98579396485228,3.699246318919448,13.898622689987592,notckd
26,66.89038820772355,141.47852590571506,37.25069289801934,1.1422317561830717,13.091454377190493,notckd
71,79.95056119508969,145.39736888760737,46.72758420188514,0.25788241738397755,15.924271944924453,ckd
60,115.61494105238583,185.19825614465896,13.423051697527727,1.785593676744582,9.610936295827845,notckd
52,95.21799039030947,58.985095283430496,42.64443801460532,2.3644497688859323,12.663170488356384,ckd
59,73.39243161689713,229.7080247310447,18.7198429275296,0.5713673171935655,10.652992828174446,ckd
58,103.73057274445671,152.8178254657106,100.957398045605,2.9192474707700433,14.724790831412921,ckd
37,74.1789621530388,155.9948328016962,56.76875354579021,3.54897846904675,7.916647088733918,ckd
59,69.97397047545098,115.91721456006641,60.96740322641508,0.4863209393556966,12.42979033601755,ckd
20,100.93597903892847,172.28134128781062,47.11987154274926,6.1585456834226076,13.33809671767487,notckd
30,60.355260649821524,142.87724301698634,61.91526227179927,0.22747588557075826,10.131269662565563,ckd
47,51.293336295974655,212.53891664638795,141.27071725501892,0.3384994744720137,10.934524919446083,ckd
76,94.11926867090713,53.51034511618308,44.4950900462628,0.3054247504013576,12.538447453430264,notckd
44,80.41536397424319,150.53274979343047,32.23554378515022,3.366328671276199,14.88774094860369,notckd
69,81.91048217805734,164.51074090264555,73.53925965169049,1.593243582802055,9.917826928532365,notckd
42,74.57865740859535,128.8176563382145,-33.40015217608708,0.24749643937545568,10.353875149063285,ckd
50,76.42259948923913,115.72005060157723,57.238487541882655,0.8705942923348079,15.31396942760086,ckd
49,73.12835145752935,118.22256326187755,41.99004838474847,1.4329295033219427,11.817561500200412,ckd
61,70.610106046184,150.47835616206967,20.2690356887367,0.13073103800048602,10.556152400387557,notckd
54,74.27134666446858,31.40246594115764,72.77151846090251,3.2109081605134095,14.321711993042289,ckd
26,73.7982314177345,197.90089766379378,56.889594645602756,2.441429826680412,11.279507506919384,notckd
79,67.57124343471898,111.19208793824896,-8.084311762297599,1.0554229921227543,15.068553838346935,ckd
35,71.82246201002235,147.66816184200695,32.37146675826468,5.1226378845751315,10.840699057550719,notckd
45,42.45860717506677,162.02613600728404,-46.08949218174536,0.8113113405440922,12.10101359543751,ckd
67,90.26963302332753,108.45167676122259,65.2644259946726,6.213128064676761,14.862429163471829,ckd
76,85.85379903474713,132.13769558006024,64.9154796454055,1.6535690574520334,11.934347822065622,ckd
71,78.72636751256252,17.885585562469764,27.23513371582143,1.5104365642402815,14.390133305196615,notckd
79,83.55986577139615,183.9274164399843,73.90394490890944,0.27220169355995216,12.336130983047488,notckd
68,84.10366104707943,204.80414001932988,10.112548260746717,3.2046879361320837,17.454229516000073,ckd
21,69.13997305093552,37.94038688367478,21.171904092275245,0.8365867970253379,16.421946510257122,ckd
20,72.01129546669394,115.61042739822429,69.60166625338975,0.2655236167240266,9.17975934391563,ckd
67,87.92474914445565,66.20783730555112,30.89666357629699,0.019031503684403435,13.805609203120024,notckd
31,83.11255227738704,129.33558071075564,52.80700653291444,1.2306381625708136,10.458990034747396,ckd
24,110.64980734523459,178.91818008325765,35.27228404007801,1.1242576719877546,12.978767346981826,ckd
56,104.29418233155967,199.23853395539751,40.61740952952856,1.9059897671206412,12.670926573275652,ckd
51,93.99518210582525,207.3111913656109,42.147152441575244,3.314435408603142,9.861532457268781,ckd
78,68.5739762640827,218.63262948153277,30.263513497363782,0.12410520027082424,15.146211358825813,notckd
74,71.53164495095638,126.65523329266607,65.58574000260434,1.9723369406408888,13.008257358922688,notckd
28,64.96929914556898,71.18248227599365,33.02250296361177,0.3112964912329037,11.788292410818542,ckd
60,84.19636024680064,133.12458198152189,55.549034982846074,2.9297637788528377,11.404725439391013,ckd
54,38.885677333104475,177.99605013821457,29.494391151895886,2.5644138219165065,12.849442424415589,notckd
38,73.12071084585502,66.36441314474855,1.299548076543946,1.1673837514486507,13.519812543785713,notckd
67,75.39925401017274,239.60821720689452,86.93523372407083,1.8580679149680939,12.187560534104335,ckd
35,57.13564200245012,193.8733123256205,72.4834444783393,0.5660822259170947,5.418701073059479,notckd
22,91.96604471867951,127.60596989412026,135.10387240791852,0.9556264301841924,12.54222679060621,notckd
39,62.91287407115176,97.34768417532554,18.460950600060965,2.585900858938444,8.896294845975557,ckd
43,84.01613998554892,99.85273513324142,47.68638294337893,0.9222394776361238,11.97636858587731,notckd
73,121.75666135233577,144.45237282800932,50.502238170046795,0.6642791942798344,8.988589357325896,notckd
75,55.834915850671685,126.23584383617886,89.6279303398746,1.0224578311272965,8.958755912301331,ckd
52,77.77172892489426,197.0301653169575,37.251223705358704,2.642566492901136,15.58780455487132,ckd
43,73.88809793547102,119.42145030184226,14.013535103845093,0.6124217106965005,11.699770047639024,notckd
71,70.97046981655423,170.33010863668946,97.27332579613508,0.2863078784119434,11.508344600445206,ckd
30,91.4037664195304,138.2645069495078,43.91724897585702,1.8672652226029254,13.706310122071478,notckd
68,96.59493657242665,156.18016144382423,85.7525228404115,2.622862159927347,11.57352369231887,ckd
27,91.57457223952004,126.19661386421704,81.6769440277274,0.15910361414713262,17.759515230318524,notckd
55,69.1499137632315,182.46293247497724,53.95383341341951,0.4114068274622029,11.817450598184951,ckd
57,116.50772117603624,183.35240481740462,48.89902032378382,0.22967780109125271,13.412813529957527,notckd
59,53.44635217487162,167.59574154932866,41.295231778456845,0.6414312923340842,14.927353328442152,notckd
39,64.51056396448558,176.45085962897028,54.468240493050374,0.8977130218803182,16.505633064017275,notckd
54,82.54593926585561,83.33787334741685,85.20850791597208,2.072416041725734,10.6449846608559,ckd
67,81.34090878718474,159.39474577453876,27.12459366291472,1.5796594883032524,11.455091240403389,ckd
44,87.32066119068124,214.95210604925202,58.809597057319216,1.4550459230233965,15.686479688233787,notckd
54,103.70201142612802,169.48427402116985,15.84790001304173,0.6516650571104565,14.525155760131728,notckd
44,78.20223620951602,78.1569498319086,20.206281843523257,2.7625047675514622,15.187939839171147,ckd
48,81.70594190319471,137.0140094210549,53.91713509955316,0.9559647660658892,9.07823864110083,ckd
37,71.08225920913625,162.49867630038253,-13.605530290284117,5.802363624892337,16.369999384810047,ckd
65,88.82492777690963,94.55602898610145,127.11955158156182,1.5082655655146588,10.596481141787988,ckd
37,75.2228223402449,58.503728196598836,13.24290157814173,0.20246678577153787,12.98073244535474,ckd
21,75.21414468400485,121.03412789380837,53.59690205702063,1.691339916766133,12.129442806020574,ckd
73,88.15224729445666,95.55005552193785,95.88762026359026,0.5897950453794154,10.303792908629825,notckd
54,95.52381390620899,139.14265811660187,24.798313143732553,1.7391072960373295,8.968660591447492,ckd
35,46.87840172489184,44.515721150222696,-25.594394634065075,0.10827735760431648,8.140379708417756,notckd
60,85.41167637010143,173.88206375216936,39.42689839563649,0.28834228568868225,12.797546015134937,ckd
55,75.94695021983692,101.9236978823986,24.38128669733583,2.9041785765271957,8.68670227441636,ckd
52,94.21425406492114,199.74513420088135,-24.673072800720078,0.3865628149601773,9.665461012282792,notckd
23,76.24816098388233,123.38606961221731,64.97114624002697,2.7213861181692476,11.95491030450445,notckd
52,99.51578649743449,138.47665721693076,62.2482851781533,0.49124870906812096,5.90297874935025,ckd
33,69.85380469273942,129.61790727818493,94.98142590884233,1.5445331516253522,14.447449280110003,notckd
40,46.545051385611664,98.71041859398365,15.771217206786437,1.776993552644458,6.4752795822329805,notckd
67,95.77389561007499,288.3367677363596,-0.9697770256454474,1.0781737219328242,12.306569021668068,notckd
39,67.34682556631795,110.24802931956292,40.76469209336956,0.5464358252834731,12.537548066485723,notckd
75,56.29622094884709,201.41129134793962,51.90800693468167,0.3586128902470287,13.845154300454523,ckd
27,80.24080127965897,74.3822632361963,87.24723610452737,0.05062892881584108,12.395797994025266,notckd
